file,line,type,commit,author,date,time,timezone,datetime,depth,length
static/global.js,1,js,3864594c,mengkongaun,2024-10-20,12:57:00,-07:00,2024-10-20T12:57:00-07:00,0,26
static/global.js,2,js,3864594c,mengkongaun,2024-10-20,12:57:00,-07:00,2024-10-20T12:57:00-07:00,0,0
static/global.js,3,js,70baddcd,mengkongaun,2024-10-27,11:05:46,-07:00,2024-10-27T11:05:46-07:00,0,66
static/global.js,4,js,3864594c,mengkongaun,2024-10-20,12:57:00,-07:00,2024-10-20T12:57:00-07:00,0,42
static/global.js,5,js,3864594c,mengkongaun,2024-10-20,12:57:00,-07:00,2024-10-20T12:57:00-07:00,0,53
static/global.js,6,js,3864594c,mengkongaun,2024-10-20,12:57:00,-07:00,2024-10-20T12:57:00-07:00,0,0
static/global.js,7,js,3864594c,mengkongaun,2024-10-20,12:57:00,-07:00,2024-10-20T12:57:00-07:00,0,0
static/global.js,8,js,70baddcd,mengkongaun,2024-10-27,11:05:46,-07:00,2024-10-27T11:05:46-07:00,0,69
static/global.js,9,js,70baddcd,mengkongaun,2024-10-27,11:05:46,-07:00,2024-10-27T11:05:46-07:00,0,78
static/global.js,10,js,3864594c,mengkongaun,2024-10-20,12:57:00,-07:00,2024-10-20T12:57:00-07:00,0,0
static/global.js,11,js,70baddcd,mengkongaun,2024-10-27,11:05:46,-07:00,2024-10-27T11:05:46-07:00,0,58
static/global.js,12,js,70baddcd,mengkongaun,2024-10-27,11:05:46,-07:00,2024-10-27T11:05:46-07:00,0,35
static/global.js,13,js,70baddcd,mengkongaun,2024-10-27,11:05:46,-07:00,2024-10-27T11:05:46-07:00,0,17
static/global.js,14,js,70baddcd,mengkongaun,2024-10-27,11:05:46,-07:00,2024-10-27T11:05:46-07:00,0,5
static/global.js,15,js,70baddcd,mengkongaun,2024-10-27,11:05:46,-07:00,2024-10-27T11:05:46-07:00,0,102
static/global.js,16,js,70baddcd,mengkongaun,2024-10-27,11:05:46,-07:00,2024-10-27T11:05:46-07:00,0,14
static/global.js,17,js,70baddcd,mengkongaun,2024-10-27,11:05:46,-07:00,2024-10-27T11:05:46-07:00,0,43
static/global.js,18,js,70baddcd,mengkongaun,2024-10-27,11:05:46,-07:00,2024-10-27T11:05:46-07:00,0,55
static/global.js,19,js,70baddcd,mengkongaun,2024-10-27,11:05:46,-07:00,2024-10-27T11:05:46-07:00,0,46
static/global.js,20,js,70baddcd,mengkongaun,2024-10-27,11:05:46,-07:00,2024-10-27T11:05:46-07:00,0,44
static/global.js,21,js,70baddcd,mengkongaun,2024-10-27,11:05:46,-07:00,2024-10-27T11:05:46-07:00,0,17
static/global.js,22,js,70baddcd,mengkongaun,2024-10-27,11:05:46,-07:00,2024-10-27T11:05:46-07:00,0,14
static/global.js,23,js,70baddcd,mengkongaun,2024-10-27,11:05:46,-07:00,2024-10-27T11:05:46-07:00,0,5
static/global.js,24,js,70baddcd,mengkongaun,2024-10-27,11:05:46,-07:00,2024-10-27T11:05:46-07:00,0,4
static/global.js,25,js,3864594c,mengkongaun,2024-10-20,12:57:00,-07:00,2024-10-20T12:57:00-07:00,0,0
static/global.js,26,js,70baddcd,mengkongaun,2024-10-27,11:05:46,-07:00,2024-10-27T11:05:46-07:00,0,66
static/global.js,27,js,70baddcd,mengkongaun,2024-10-27,11:05:46,-07:00,2024-10-27T11:05:46-07:00,0,0
static/global.js,28,js,70baddcd,mengkongaun,2024-10-27,11:05:46,-07:00,2024-10-27T11:05:46-07:00,0,37
static/global.js,29,js,70baddcd,mengkongaun,2024-10-27,11:05:46,-07:00,2024-10-27T11:05:46-07:00,0,35
static/global.js,30,js,70baddcd,mengkongaun,2024-10-27,11:05:46,-07:00,2024-10-27T11:05:46-07:00,0,71
static/global.js,31,js,70baddcd,mengkongaun,2024-10-27,11:05:46,-07:00,2024-10-27T11:05:46-07:00,0,62
static/global.js,32,js,70baddcd,mengkongaun,2024-10-27,11:05:46,-07:00,2024-10-27T11:05:46-07:00,0,3
static/global.js,33,js,70baddcd,mengkongaun,2024-10-27,11:05:46,-07:00,2024-10-27T11:05:46-07:00,0,0
static/global.js,34,js,70baddcd,mengkongaun,2024-10-27,11:05:46,-07:00,2024-10-27T11:05:46-07:00,0,64
static/global.js,35,js,70baddcd,mengkongaun,2024-10-27,11:05:46,-07:00,2024-10-27T11:05:46-07:00,0,38
static/global.js,36,js,70baddcd,mengkongaun,2024-10-27,11:05:46,-07:00,2024-10-27T11:05:46-07:00,0,44
static/global.js,37,js,70baddcd,mengkongaun,2024-10-27,11:05:46,-07:00,2024-10-27T11:05:46-07:00,0,45
static/global.js,38,js,70baddcd,mengkongaun,2024-10-27,11:05:46,-07:00,2024-10-27T11:05:46-07:00,0,3
static/global.js,39,js,3864594c,mengkongaun,2024-10-20,12:57:00,-07:00,2024-10-20T12:57:00-07:00,0,0
static/global.js,40,js,70baddcd,mengkongaun,2024-10-27,11:05:46,-07:00,2024-10-27T11:05:46-07:00,0,49
static/global.js,41,js,70baddcd,mengkongaun,2024-10-27,11:05:46,-07:00,2024-10-27T11:05:46-07:00,0,47
static/global.js,42,js,70baddcd,mengkongaun,2024-10-27,11:05:46,-07:00,2024-10-27T11:05:46-07:00,0,38
static/global.js,43,js,70baddcd,mengkongaun,2024-10-27,11:05:46,-07:00,2024-10-27T11:05:46-07:00,0,27
static/global.js,44,js,70baddcd,mengkongaun,2024-10-27,11:05:46,-07:00,2024-10-27T11:05:46-07:00,0,5
src/style.css,1,css,3864594c,mengkongaun,2024-10-20,12:57:00,-07:00,2024-10-20T12:57:00-07:00,0,25
src/style.css,2,css,3864594c,mengkongaun,2024-10-20,12:57:00,-07:00,2024-10-20T12:57:00-07:00,0,5
src/style.css,3,css,3864594c,mengkongaun,2024-10-20,12:57:00,-07:00,2024-10-20T12:57:00-07:00,0,24
src/style.css,4,css,3864594c,mengkongaun,2024-10-20,12:57:00,-07:00,2024-10-20T12:57:00-07:00,0,16
src/style.css,5,css,3864594c,mengkongaun,2024-10-20,12:57:00,-07:00,2024-10-20T12:57:00-07:00,0,19
src/style.css,6,css,3864594c,mengkongaun,2024-10-20,12:57:00,-07:00,2024-10-20T12:57:00-07:00,0,12
src/style.css,7,css,3864594c,mengkongaun,2024-10-20,12:57:00,-07:00,2024-10-20T12:57:00-07:00,0,19
src/style.css,8,css,3864594c,mengkongaun,2024-10-20,12:57:00,-07:00,2024-10-20T12:57:00-07:00,0,20
src/style.css,9,css,3864594c,mengkongaun,2024-10-20,12:57:00,-07:00,2024-10-20T12:57:00-07:00,0,78
src/style.css,10,css,3864594c,mengkongaun,2024-10-20,12:57:00,-07:00,2024-10-20T12:57:00-07:00,0,0
src/style.css,11,css,3864594c,mengkongaun,2024-10-20,12:57:00,-07:00,2024-10-20T12:57:00-07:00,0,0
src/style.css,12,css,3864594c,mengkongaun,2024-10-20,12:57:00,-07:00,2024-10-20T12:57:00-07:00,0,44
src/style.css,13,css,3864594c,mengkongaun,2024-10-20,12:57:00,-07:00,2024-10-20T12:57:00-07:00,0,6
src/style.css,14,css,3864594c,mengkongaun,2024-10-20,12:57:00,-07:00,2024-10-20T12:57:00-07:00,0,57
src/style.css,15,css,3864594c,mengkongaun,2024-10-20,12:57:00,-07:00,2024-10-20T12:57:00-07:00,0,85
src/style.css,16,css,3864594c,mengkongaun,2024-10-20,12:57:00,-07:00,2024-10-20T12:57:00-07:00,0,0
src/style.css,17,css,3864594c,mengkongaun,2024-10-20,12:57:00,-07:00,2024-10-20T12:57:00-07:00,0,0
src/style.css,18,css,3864594c,mengkongaun,2024-10-20,12:57:00,-07:00,2024-10-20T12:57:00-07:00,0,26
src/style.css,19,css,3864594c,mengkongaun,2024-10-20,12:57:00,-07:00,2024-10-20T12:57:00-07:00,0,23
src/style.css,20,css,3864594c,mengkongaun,2024-10-20,12:57:00,-07:00,2024-10-20T12:57:00-07:00,0,51
src/style.css,21,css,3864594c,mengkongaun,2024-10-20,12:57:00,-07:00,2024-10-20T12:57:00-07:00,0,60
src/style.css,22,css,3864594c,mengkongaun,2024-10-20,12:57:00,-07:00,2024-10-20T12:57:00-07:00,0,0
src/style.css,23,css,3864594c,mengkongaun,2024-10-20,12:57:00,-07:00,2024-10-20T12:57:00-07:00,0,0
src/style.css,24,css,3864594c,mengkongaun,2024-10-20,12:57:00,-07:00,2024-10-20T12:57:00-07:00,0,27
src/style.css,25,css,3864594c,mengkongaun,2024-10-20,12:57:00,-07:00,2024-10-20T12:57:00-07:00,0,3
src/style.css,26,css,3864594c,mengkongaun,2024-10-20,12:57:00,-07:00,2024-10-20T12:57:00-07:00,0,45
src/style.css,27,css,3864594c,mengkongaun,2024-10-20,12:57:00,-07:00,2024-10-20T12:57:00-07:00,0,20
src/style.css,28,css,3864594c,mengkongaun,2024-10-20,12:57:00,-07:00,2024-10-20T12:57:00-07:00,0,0
src/style.css,29,css,3864594c,mengkongaun,2024-10-20,12:57:00,-07:00,2024-10-20T12:57:00-07:00,0,0
src/style.css,30,css,3864594c,mengkongaun,2024-10-20,12:57:00,-07:00,2024-10-20T12:57:00-07:00,0,3
src/style.css,31,css,3864594c,mengkongaun,2024-10-20,12:57:00,-07:00,2024-10-20T12:57:00-07:00,0,57
src/style.css,32,css,3864594c,mengkongaun,2024-10-20,12:57:00,-07:00,2024-10-20T12:57:00-07:00,0,20
src/style.css,33,css,3864594c,mengkongaun,2024-10-20,12:57:00,-07:00,2024-10-20T12:57:00-07:00,0,0
src/style.css,34,css,3864594c,mengkongaun,2024-10-20,12:57:00,-07:00,2024-10-20T12:57:00-07:00,0,0
src/style.css,35,css,3864594c,mengkongaun,2024-10-20,12:57:00,-07:00,2024-10-20T12:57:00-07:00,0,3
src/style.css,36,css,3864594c,mengkongaun,2024-10-20,12:57:00,-07:00,2024-10-20T12:57:00-07:00,0,16
src/style.css,37,css,3864594c,mengkongaun,2024-10-20,12:57:00,-07:00,2024-10-20T12:57:00-07:00,0,20
src/style.css,38,css,3864594c,mengkongaun,2024-10-20,12:57:00,-07:00,2024-10-20T12:57:00-07:00,0,0
src/style.css,39,css,3864594c,mengkongaun,2024-10-20,12:57:00,-07:00,2024-10-20T12:57:00-07:00,0,0
src/style.css,40,css,3864594c,mengkongaun,2024-10-20,12:57:00,-07:00,2024-10-20T12:57:00-07:00,0,17
src/style.css,41,css,3864594c,mengkongaun,2024-10-20,12:57:00,-07:00,2024-10-20T12:57:00-07:00,0,66
src/style.css,42,css,3864594c,mengkongaun,2024-10-20,12:57:00,-07:00,2024-10-20T12:57:00-07:00,0,17
src/style.css,43,css,3864594c,mengkongaun,2024-10-20,12:57:00,-07:00,2024-10-20T12:57:00-07:00,0,0
src/style.css,44,css,3864594c,mengkongaun,2024-10-20,12:57:00,-07:00,2024-10-20T12:57:00-07:00,0,0
src/style.css,45,css,3864594c,mengkongaun,2024-10-20,12:57:00,-07:00,2024-10-20T12:57:00-07:00,0,13
src/style.css,46,css,3864594c,mengkongaun,2024-10-20,12:57:00,-07:00,2024-10-20T12:57:00-07:00,0,59
src/style.css,47,css,3864594c,mengkongaun,2024-10-20,12:57:00,-07:00,2024-10-20T12:57:00-07:00,0,60
src/style.css,48,css,3864594c,mengkongaun,2024-10-20,12:57:00,-07:00,2024-10-20T12:57:00-07:00,0,0
src/style.css,49,css,3864594c,mengkongaun,2024-10-20,12:57:00,-07:00,2024-10-20T12:57:00-07:00,0,0
src/style.css,50,css,3864594c,mengkongaun,2024-10-20,12:57:00,-07:00,2024-10-20T12:57:00-07:00,0,27
src/style.css,51,css,3864594c,mengkongaun,2024-10-20,12:57:00,-07:00,2024-10-20T12:57:00-07:00,0,4
src/style.css,52,css,3864594c,mengkongaun,2024-10-20,12:57:00,-07:00,2024-10-20T12:57:00-07:00,0,46
src/style.css,53,css,3864594c,mengkongaun,2024-10-20,12:57:00,-07:00,2024-10-20T12:57:00-07:00,0,60
src/style.css,54,css,3864594c,mengkongaun,2024-10-20,12:57:00,-07:00,2024-10-20T12:57:00-07:00,0,38
src/style.css,55,css,3864594c,mengkongaun,2024-10-20,12:57:00,-07:00,2024-10-20T12:57:00-07:00,0,18
src/style.css,56,css,3864594c,mengkongaun,2024-10-20,12:57:00,-07:00,2024-10-20T12:57:00-07:00,0,21
src/style.css,57,css,3864594c,mengkongaun,2024-10-20,12:57:00,-07:00,2024-10-20T12:57:00-07:00,0,73
src/style.css,58,css,3864594c,mengkongaun,2024-10-20,12:57:00,-07:00,2024-10-20T12:57:00-07:00,0,0
src/style.css,59,css,3864594c,mengkongaun,2024-10-20,12:57:00,-07:00,2024-10-20T12:57:00-07:00,0,0
src/style.css,60,css,3864594c,mengkongaun,2024-10-20,12:57:00,-07:00,2024-10-20T12:57:00-07:00,0,7
src/style.css,61,css,3864594c,mengkongaun,2024-10-20,12:57:00,-07:00,2024-10-20T12:57:00-07:00,0,54
src/style.css,62,css,3864594c,mengkongaun,2024-10-20,12:57:00,-07:00,2024-10-20T12:57:00-07:00,0,0
src/style.css,63,css,3864594c,mengkongaun,2024-10-20,12:57:00,-07:00,2024-10-20T12:57:00-07:00,0,0
src/style.css,64,css,3864594c,mengkongaun,2024-10-20,12:57:00,-07:00,2024-10-20T12:57:00-07:00,0,7
src/style.css,65,css,3864594c,mengkongaun,2024-10-20,12:57:00,-07:00,2024-10-20T12:57:00-07:00,0,54
src/style.css,66,css,3864594c,mengkongaun,2024-10-20,12:57:00,-07:00,2024-10-20T12:57:00-07:00,0,0
src/style.css,67,css,3864594c,mengkongaun,2024-10-20,12:57:00,-07:00,2024-10-20T12:57:00-07:00,0,0
src/style.css,68,css,3864594c,mengkongaun,2024-10-20,12:57:00,-07:00,2024-10-20T12:57:00-07:00,0,6
src/style.css,69,css,3864594c,mengkongaun,2024-10-20,12:57:00,-07:00,2024-10-20T12:57:00-07:00,0,61
src/style.css,70,css,3864594c,mengkongaun,2024-10-20,12:57:00,-07:00,2024-10-20T12:57:00-07:00,0,63
src/style.css,71,css,3864594c,mengkongaun,2024-10-20,12:57:00,-07:00,2024-10-20T12:57:00-07:00,0,44
src/style.css,72,css,3864594c,mengkongaun,2024-10-20,12:57:00,-07:00,2024-10-20T12:57:00-07:00,0,55
src/style.css,73,css,3864594c,mengkongaun,2024-10-20,12:57:00,-07:00,2024-10-20T12:57:00-07:00,0,51
src/style.css,74,css,3864594c,mengkongaun,2024-10-20,12:57:00,-07:00,2024-10-20T12:57:00-07:00,0,17
src/style.css,75,css,3864594c,mengkongaun,2024-10-20,12:57:00,-07:00,2024-10-20T12:57:00-07:00,0,0
src/style.css,76,css,3864594c,mengkongaun,2024-10-20,12:57:00,-07:00,2024-10-20T12:57:00-07:00,0,0
src/style.css,77,css,3864594c,mengkongaun,2024-10-20,12:57:00,-07:00,2024-10-20T12:57:00-07:00,0,12
src/style.css,78,css,3864594c,mengkongaun,2024-10-20,12:57:00,-07:00,2024-10-20T12:57:00-07:00,0,74
src/style.css,79,css,3864594c,mengkongaun,2024-10-20,12:57:00,-07:00,2024-10-20T12:57:00-07:00,0,73
src/style.css,80,css,3864594c,mengkongaun,2024-10-20,12:57:00,-07:00,2024-10-20T12:57:00-07:00,0,49
src/style.css,81,css,3864594c,mengkongaun,2024-10-20,12:57:00,-07:00,2024-10-20T12:57:00-07:00,0,0
src/style.css,82,css,3864594c,mengkongaun,2024-10-20,12:57:00,-07:00,2024-10-20T12:57:00-07:00,0,0
src/style.css,83,css,3864594c,mengkongaun,2024-10-20,12:57:00,-07:00,2024-10-20T12:57:00-07:00,0,14
src/style.css,84,css,3864594c,mengkongaun,2024-10-20,12:57:00,-07:00,2024-10-20T12:57:00-07:00,0,82
src/style.css,85,css,3864594c,mengkongaun,2024-10-20,12:57:00,-07:00,2024-10-20T12:57:00-07:00,0,89
src/style.css,86,css,3864594c,mengkongaun,2024-10-20,12:57:00,-07:00,2024-10-20T12:57:00-07:00,0,68
src/style.css,87,css,3864594c,mengkongaun,2024-10-20,12:57:00,-07:00,2024-10-20T12:57:00-07:00,0,0
src/style.css,88,css,3864594c,mengkongaun,2024-10-20,12:57:00,-07:00,2024-10-20T12:57:00-07:00,0,0
src/style.css,89,css,3864594c,mengkongaun,2024-10-20,12:57:00,-07:00,2024-10-20T12:57:00-07:00,0,31
src/style.css,90,css,3864594c,mengkongaun,2024-10-20,12:57:00,-07:00,2024-10-20T12:57:00-07:00,0,5
src/style.css,91,css,3864594c,mengkongaun,2024-10-20,12:57:00,-07:00,2024-10-20T12:57:00-07:00,0,13
src/style.css,92,css,3864594c,mengkongaun,2024-10-20,12:57:00,-07:00,2024-10-20T12:57:00-07:00,0,83
src/style.css,93,css,3864594c,mengkongaun,2024-10-20,12:57:00,-07:00,2024-10-20T12:57:00-07:00,0,46
src/style.css,94,css,3864594c,mengkongaun,2024-10-20,12:57:00,-07:00,2024-10-20T12:57:00-07:00,0,39
src/style.css,95,css,3864594c,mengkongaun,2024-10-20,12:57:00,-07:00,2024-10-20T12:57:00-07:00,0,36
src/style.css,96,css,3864594c,mengkongaun,2024-10-20,12:57:00,-07:00,2024-10-20T12:57:00-07:00,0,0
src/style.css,97,css,3864594c,mengkongaun,2024-10-20,12:57:00,-07:00,2024-10-20T12:57:00-07:00,0,0
src/style.css,98,css,3864594c,mengkongaun,2024-10-20,12:57:00,-07:00,2024-10-20T12:57:00-07:00,0,42
src/style.css,99,css,3864594c,mengkongaun,2024-10-20,12:57:00,-07:00,2024-10-20T12:57:00-07:00,0,6
src/style.css,100,css,3864594c,mengkongaun,2024-10-20,12:57:00,-07:00,2024-10-20T12:57:00-07:00,0,14
src/style.css,101,css,3864594c,mengkongaun,2024-10-20,12:57:00,-07:00,2024-10-20T12:57:00-07:00,0,19
src/style.css,102,css,3864594c,mengkongaun,2024-10-20,12:57:00,-07:00,2024-10-20T12:57:00-07:00,0,0
src/style.css,103,css,3864594c,mengkongaun,2024-10-20,12:57:00,-07:00,2024-10-20T12:57:00-07:00,0,0
src/style.css,104,css,3864594c,mengkongaun,2024-10-20,12:57:00,-07:00,2024-10-20T12:57:00-07:00,0,24
src/style.css,105,css,3864594c,mengkongaun,2024-10-20,12:57:00,-07:00,2024-10-20T12:57:00-07:00,0,65
src/style.css,106,css,3864594c,mengkongaun,2024-10-20,12:57:00,-07:00,2024-10-20T12:57:00-07:00,0,52
src/style.css,107,css,3864594c,mengkongaun,2024-10-20,12:57:00,-07:00,2024-10-20T12:57:00-07:00,0,14
src/style.css,108,css,3864594c,mengkongaun,2024-10-20,12:57:00,-07:00,2024-10-20T12:57:00-07:00,0,65
src/style.css,109,css,3864594c,mengkongaun,2024-10-20,12:57:00,-07:00,2024-10-20T12:57:00-07:00,0,0
src/style.css,110,css,3864594c,mengkongaun,2024-10-20,12:57:00,-07:00,2024-10-20T12:57:00-07:00,0,0
src/style.css,111,css,3864594c,mengkongaun,2024-10-20,12:57:00,-07:00,2024-10-20T12:57:00-07:00,0,42
src/style.css,112,css,3864594c,mengkongaun,2024-10-20,12:57:00,-07:00,2024-10-20T12:57:00-07:00,0,7
src/style.css,113,css,3864594c,mengkongaun,2024-10-20,12:57:00,-07:00,2024-10-20T12:57:00-07:00,0,66
src/style.css,114,css,3864594c,mengkongaun,2024-10-20,12:57:00,-07:00,2024-10-20T12:57:00-07:00,0,12
src/style.css,115,css,3864594c,mengkongaun,2024-10-20,12:57:00,-07:00,2024-10-20T12:57:00-07:00,0,67
src/style.css,116,css,3864594c,mengkongaun,2024-10-20,12:57:00,-07:00,2024-10-20T12:57:00-07:00,0,36
src/style.css,117,css,3864594c,mengkongaun,2024-10-20,12:57:00,-07:00,2024-10-20T12:57:00-07:00,0,12
src/style.css,118,css,3864594c,mengkongaun,2024-10-20,12:57:00,-07:00,2024-10-20T12:57:00-07:00,0,15
src/style.css,119,css,3864594c,mengkongaun,2024-10-20,12:57:00,-07:00,2024-10-20T12:57:00-07:00,0,52
src/style.css,120,css,3864594c,mengkongaun,2024-10-20,12:57:00,-07:00,2024-10-20T12:57:00-07:00,0,0
src/style.css,121,css,3864594c,mengkongaun,2024-10-20,12:57:00,-07:00,2024-10-20T12:57:00-07:00,0,0
src/style.css,122,css,3864594c,mengkongaun,2024-10-20,12:57:00,-07:00,2024-10-20T12:57:00-07:00,0,13
src/style.css,123,css,3864594c,mengkongaun,2024-10-20,12:57:00,-07:00,2024-10-20T12:57:00-07:00,0,61
src/style.css,124,css,3864594c,mengkongaun,2024-10-20,12:57:00,-07:00,2024-10-20T12:57:00-07:00,0,60
src/style.css,125,css,3864594c,mengkongaun,2024-10-20,12:57:00,-07:00,2024-10-20T12:57:00-07:00,0,0
src/style.css,126,css,3864594c,mengkongaun,2024-10-20,12:57:00,-07:00,2024-10-20T12:57:00-07:00,0,0
src/style.css,127,css,3864594c,mengkongaun,2024-10-20,12:57:00,-07:00,2024-10-20T12:57:00-07:00,0,26
src/style.css,128,css,3864594c,mengkongaun,2024-10-20,12:57:00,-07:00,2024-10-20T12:57:00-07:00,0,10
src/style.css,129,css,3864594c,mengkongaun,2024-10-20,12:57:00,-07:00,2024-10-20T12:57:00-07:00,0,13
src/style.css,130,css,3864594c,mengkongaun,2024-10-20,12:57:00,-07:00,2024-10-20T12:57:00-07:00,0,104
src/style.css,131,css,3864594c,mengkongaun,2024-10-20,12:57:00,-07:00,2024-10-20T12:57:00-07:00,0,44
src/style.css,132,css,3864594c,mengkongaun,2024-10-20,12:57:00,-07:00,2024-10-20T12:57:00-07:00,0,14
src/style.css,133,css,3864594c,mengkongaun,2024-10-20,12:57:00,-07:00,2024-10-20T12:57:00-07:00,0,0
src/style.css,134,css,3864594c,mengkongaun,2024-10-20,12:57:00,-07:00,2024-10-20T12:57:00-07:00,0,0
src/style.css,135,css,3864594c,mengkongaun,2024-10-20,12:57:00,-07:00,2024-10-20T12:57:00-07:00,0,20
src/style.css,136,css,3864594c,mengkongaun,2024-10-20,12:57:00,-07:00,2024-10-20T12:57:00-07:00,0,18
src/style.css,137,css,3864594c,mengkongaun,2024-10-20,12:57:00,-07:00,2024-10-20T12:57:00-07:00,0,13
src/style.css,138,css,3864594c,mengkongaun,2024-10-20,12:57:00,-07:00,2024-10-20T12:57:00-07:00,0,75
src/style.css,139,css,3864594c,mengkongaun,2024-10-20,12:57:00,-07:00,2024-10-20T12:57:00-07:00,0,22
src/style.css,140,css,3864594c,mengkongaun,2024-10-20,12:57:00,-07:00,2024-10-20T12:57:00-07:00,0,12
src/style.css,141,css,3864594c,mengkongaun,2024-10-20,12:57:00,-07:00,2024-10-20T12:57:00-07:00,0,18
src/style.css,142,css,3864594c,mengkongaun,2024-10-20,12:57:00,-07:00,2024-10-20T12:57:00-07:00,0,25
src/style.css,143,css,3864594c,mengkongaun,2024-10-20,12:57:00,-07:00,2024-10-20T12:57:00-07:00,0,18
src/style.css,144,css,3864594c,mengkongaun,2024-10-20,12:57:00,-07:00,2024-10-20T12:57:00-07:00,0,0
src/style.css,145,css,3864594c,mengkongaun,2024-10-20,12:57:00,-07:00,2024-10-20T12:57:00-07:00,0,0
src/style.css,146,css,3864594c,mengkongaun,2024-10-20,12:57:00,-07:00,2024-10-20T12:57:00-07:00,0,45
src/style.css,147,css,3864594c,mengkongaun,2024-10-20,12:57:00,-07:00,2024-10-20T12:57:00-07:00,0,13
src/style.css,148,css,3864594c,mengkongaun,2024-10-20,12:57:00,-07:00,2024-10-20T12:57:00-07:00,0,9
src/style.css,149,css,3864594c,mengkongaun,2024-10-20,12:57:00,-07:00,2024-10-20T12:57:00-07:00,0,39
src/style.css,150,css,3864594c,mengkongaun,2024-10-20,12:57:00,-07:00,2024-10-20T12:57:00-07:00,0,20
src/style.css,151,css,bc8caf8b,mengkongaun,2024-11-06,18:42:06,-08:00,2024-11-06T18:42:06-08:00,0,11
src/style.css,152,css,3864594c,mengkongaun,2024-10-20,12:57:00,-07:00,2024-10-20T12:57:00-07:00,0,0
src/style.css,153,css,3864594c,mengkongaun,2024-10-20,12:57:00,-07:00,2024-10-20T12:57:00-07:00,0,0
src/style.css,154,css,3864594c,mengkongaun,2024-10-20,12:57:00,-07:00,2024-10-20T12:57:00-07:00,0,33
src/style.css,155,css,3864594c,mengkongaun,2024-10-20,12:57:00,-07:00,2024-10-20T12:57:00-07:00,0,14
src/style.css,156,css,3864594c,mengkongaun,2024-10-20,12:57:00,-07:00,2024-10-20T12:57:00-07:00,0,12
src/style.css,157,css,3864594c,mengkongaun,2024-10-20,12:57:00,-07:00,2024-10-20T12:57:00-07:00,0,13
src/style.css,158,css,3864594c,mengkongaun,2024-10-20,12:57:00,-07:00,2024-10-20T12:57:00-07:00,0,15
src/style.css,159,css,3864594c,mengkongaun,2024-10-20,12:57:00,-07:00,2024-10-20T12:57:00-07:00,0,0
src/style.css,160,css,3864594c,mengkongaun,2024-10-20,12:57:00,-07:00,2024-10-20T12:57:00-07:00,0,0
src/style.css,161,css,3864594c,mengkongaun,2024-10-20,12:57:00,-07:00,2024-10-20T12:57:00-07:00,0,38
src/style.css,162,css,3864594c,mengkongaun,2024-10-20,12:57:00,-07:00,2024-10-20T12:57:00-07:00,0,12
src/style.css,163,css,3864594c,mengkongaun,2024-10-20,12:57:00,-07:00,2024-10-20T12:57:00-07:00,0,16
src/style.css,164,css,3864594c,mengkongaun,2024-10-20,12:57:00,-07:00,2024-10-20T12:57:00-07:00,0,11
src/style.css,165,css,3864594c,mengkongaun,2024-10-20,12:57:00,-07:00,2024-10-20T12:57:00-07:00,0,0
src/style.css,166,css,3864594c,mengkongaun,2024-10-20,12:57:00,-07:00,2024-10-20T12:57:00-07:00,0,0
src/style.css,167,css,3864594c,mengkongaun,2024-10-20,12:57:00,-07:00,2024-10-20T12:57:00-07:00,0,51
src/style.css,168,css,3864594c,mengkongaun,2024-10-20,12:57:00,-07:00,2024-10-20T12:57:00-07:00,0,5
src/style.css,169,css,3864594c,mengkongaun,2024-10-20,12:57:00,-07:00,2024-10-20T12:57:00-07:00,0,24
src/style.css,170,css,3864594c,mengkongaun,2024-10-20,12:57:00,-07:00,2024-10-20T12:57:00-07:00,0,0
src/style.css,171,css,3864594c,mengkongaun,2024-10-20,12:57:00,-07:00,2024-10-20T12:57:00-07:00,0,0
src/style.css,172,css,3864594c,mengkongaun,2024-10-20,12:57:00,-07:00,2024-10-20T12:57:00-07:00,0,30
src/style.css,173,css,3864594c,mengkongaun,2024-10-20,12:57:00,-07:00,2024-10-20T12:57:00-07:00,0,36
src/style.css,174,css,3864594c,mengkongaun,2024-10-20,12:57:00,-07:00,2024-10-20T12:57:00-07:00,0,5
src/style.css,175,css,3864594c,mengkongaun,2024-10-20,12:57:00,-07:00,2024-10-20T12:57:00-07:00,0,47
src/style.css,176,css,3864594c,mengkongaun,2024-10-20,12:57:00,-07:00,2024-10-20T12:57:00-07:00,0,31
src/style.css,177,css,3864594c,mengkongaun,2024-10-20,12:57:00,-07:00,2024-10-20T12:57:00-07:00,0,0
src/style.css,178,css,3864594c,mengkongaun,2024-10-20,12:57:00,-07:00,2024-10-20T12:57:00-07:00,0,0
src/style.css,179,css,3864594c,mengkongaun,2024-10-20,12:57:00,-07:00,2024-10-20T12:57:00-07:00,0,4
src/style.css,180,css,3864594c,mengkongaun,2024-10-20,12:57:00,-07:00,2024-10-20T12:57:00-07:00,0,80
src/style.css,181,css,3864594c,mengkongaun,2024-10-20,12:57:00,-07:00,2024-10-20T12:57:00-07:00,0,0
src/style.css,182,css,3864594c,mengkongaun,2024-10-20,12:57:00,-07:00,2024-10-20T12:57:00-07:00,0,0
src/style.css,183,css,3864594c,mengkongaun,2024-10-20,12:57:00,-07:00,2024-10-20T12:57:00-07:00,0,7
src/style.css,184,css,3864594c,mengkongaun,2024-10-20,12:57:00,-07:00,2024-10-20T12:57:00-07:00,0,53
src/style.css,185,css,3864594c,mengkongaun,2024-10-20,12:57:00,-07:00,2024-10-20T12:57:00-07:00,0,31
src/style.css,186,css,3864594c,mengkongaun,2024-10-20,12:57:00,-07:00,2024-10-20T12:57:00-07:00,0,0
src/style.css,187,css,3864594c,mengkongaun,2024-10-20,12:57:00,-07:00,2024-10-20T12:57:00-07:00,0,0
src/style.css,188,css,3864594c,mengkongaun,2024-10-20,12:57:00,-07:00,2024-10-20T12:57:00-07:00,0,13
src/style.css,189,css,3864594c,mengkongaun,2024-10-20,12:57:00,-07:00,2024-10-20T12:57:00-07:00,0,54
src/style.css,190,css,3864594c,mengkongaun,2024-10-20,12:57:00,-07:00,2024-10-20T12:57:00-07:00,0,12
src/style.css,191,css,3864594c,mengkongaun,2024-10-20,12:57:00,-07:00,2024-10-20T12:57:00-07:00,0,0
src/style.css,192,css,3864594c,mengkongaun,2024-10-20,12:57:00,-07:00,2024-10-20T12:57:00-07:00,0,0
src/style.css,193,css,3864594c,mengkongaun,2024-10-20,12:57:00,-07:00,2024-10-20T12:57:00-07:00,0,18
src/style.css,194,css,3864594c,mengkongaun,2024-10-20,12:57:00,-07:00,2024-10-20T12:57:00-07:00,0,54
src/style.css,195,css,3864594c,mengkongaun,2024-10-20,12:57:00,-07:00,2024-10-20T12:57:00-07:00,0,57
src/style.css,196,css,3864594c,mengkongaun,2024-10-20,12:57:00,-07:00,2024-10-20T12:57:00-07:00,0,0
src/style.css,197,css,3864594c,mengkongaun,2024-10-20,12:57:00,-07:00,2024-10-20T12:57:00-07:00,0,0
src/style.css,198,css,3864594c,mengkongaun,2024-10-20,12:57:00,-07:00,2024-10-20T12:57:00-07:00,0,6
src/style.css,199,css,3864594c,mengkongaun,2024-10-20,12:57:00,-07:00,2024-10-20T12:57:00-07:00,0,52
src/style.css,200,css,3864594c,mengkongaun,2024-10-20,12:57:00,-07:00,2024-10-20T12:57:00-07:00,0,0
src/style.css,201,css,3864594c,mengkongaun,2024-10-20,12:57:00,-07:00,2024-10-20T12:57:00-07:00,0,0
src/style.css,202,css,3864594c,mengkongaun,2024-10-20,12:57:00,-07:00,2024-10-20T12:57:00-07:00,0,12
src/style.css,203,css,3864594c,mengkongaun,2024-10-20,12:57:00,-07:00,2024-10-20T12:57:00-07:00,0,65
src/style.css,204,css,3864594c,mengkongaun,2024-10-20,12:57:00,-07:00,2024-10-20T12:57:00-07:00,0,62
src/style.css,205,css,3864594c,mengkongaun,2024-10-20,12:57:00,-07:00,2024-10-20T12:57:00-07:00,0,0
src/style.css,206,css,3864594c,mengkongaun,2024-10-20,12:57:00,-07:00,2024-10-20T12:57:00-07:00,0,0
src/style.css,207,css,3864594c,mengkongaun,2024-10-20,12:57:00,-07:00,2024-10-20T12:57:00-07:00,0,14
src/style.css,208,css,3864594c,mengkongaun,2024-10-20,12:57:00,-07:00,2024-10-20T12:57:00-07:00,0,64
src/style.css,209,css,3864594c,mengkongaun,2024-10-20,12:57:00,-07:00,2024-10-20T12:57:00-07:00,0,14
src/style.css,210,css,3864594c,mengkongaun,2024-10-20,12:57:00,-07:00,2024-10-20T12:57:00-07:00,0,0
src/style.css,211,css,3864594c,mengkongaun,2024-10-20,12:57:00,-07:00,2024-10-20T12:57:00-07:00,0,0
src/style.css,212,css,3864594c,mengkongaun,2024-10-20,12:57:00,-07:00,2024-10-20T12:57:00-07:00,0,0
src/style.css,213,css,3864594c,mengkongaun,2024-10-20,12:57:00,-07:00,2024-10-20T12:57:00-07:00,0,29
src/style.css,214,css,3864594c,mengkongaun,2024-10-20,12:57:00,-07:00,2024-10-20T12:57:00-07:00,0,26
src/style.css,215,css,3864594c,mengkongaun,2024-10-20,12:57:00,-07:00,2024-10-20T12:57:00-07:00,0,5
src/style.css,216,css,3864594c,mengkongaun,2024-10-20,12:57:00,-07:00,2024-10-20T12:57:00-07:00,0,17
src/style.css,217,css,3864594c,mengkongaun,2024-10-20,12:57:00,-07:00,2024-10-20T12:57:00-07:00,0,18
src/style.css,218,css,3864594c,mengkongaun,2024-10-20,12:57:00,-07:00,2024-10-20T12:57:00-07:00,0,0
src/style.css,219,css,3864594c,mengkongaun,2024-10-20,12:57:00,-07:00,2024-10-20T12:57:00-07:00,0,0
src/style.css,220,css,3864594c,mengkongaun,2024-10-20,12:57:00,-07:00,2024-10-20T12:57:00-07:00,0,10
src/style.css,221,css,3864594c,mengkongaun,2024-10-20,12:57:00,-07:00,2024-10-20T12:57:00-07:00,0,93
src/style.css,222,css,3864594c,mengkongaun,2024-10-20,12:57:00,-07:00,2024-10-20T12:57:00-07:00,0,0
src/style.css,223,css,3864594c,mengkongaun,2024-10-20,12:57:00,-07:00,2024-10-20T12:57:00-07:00,0,0
src/style.css,224,css,3864594c,mengkongaun,2024-10-20,12:57:00,-07:00,2024-10-20T12:57:00-07:00,0,6
src/style.css,225,css,3864594c,mengkongaun,2024-10-20,12:57:00,-07:00,2024-10-20T12:57:00-07:00,0,53
src/style.css,226,css,3864594c,mengkongaun,2024-10-20,12:57:00,-07:00,2024-10-20T12:57:00-07:00,0,0
src/style.css,227,css,3864594c,mengkongaun,2024-10-20,12:57:00,-07:00,2024-10-20T12:57:00-07:00,0,0
src/style.css,228,css,3864594c,mengkongaun,2024-10-20,12:57:00,-07:00,2024-10-20T12:57:00-07:00,0,3
src/style.css,229,css,3864594c,mengkongaun,2024-10-20,12:57:00,-07:00,2024-10-20T12:57:00-07:00,0,58
src/style.css,230,css,3864594c,mengkongaun,2024-10-20,12:57:00,-07:00,2024-10-20T12:57:00-07:00,0,0
src/style.css,231,css,3864594c,mengkongaun,2024-10-20,12:57:00,-07:00,2024-10-20T12:57:00-07:00,0,0
src/style.css,232,css,3864594c,mengkongaun,2024-10-20,12:57:00,-07:00,2024-10-20T12:57:00-07:00,0,3
src/style.css,233,css,3864594c,mengkongaun,2024-10-20,12:57:00,-07:00,2024-10-20T12:57:00-07:00,0,16
src/style.css,234,css,3864594c,mengkongaun,2024-10-20,12:57:00,-07:00,2024-10-20T12:57:00-07:00,0,0
src/style.css,235,css,3864594c,mengkongaun,2024-10-20,12:57:00,-07:00,2024-10-20T12:57:00-07:00,0,0
src/style.css,236,css,3864594c,mengkongaun,2024-10-20,12:57:00,-07:00,2024-10-20T12:57:00-07:00,0,0
src/style.css,237,css,70baddcd,mengkongaun,2024-10-27,11:05:46,-07:00,2024-10-27T11:05:46-07:00,0,29
src/style.css,238,css,70baddcd,mengkongaun,2024-10-27,11:05:46,-07:00,2024-10-27T11:05:46-07:00,0,14
src/style.css,239,css,70baddcd,mengkongaun,2024-10-27,11:05:46,-07:00,2024-10-27T11:05:46-07:00,0,18
src/style.css,240,css,70baddcd,mengkongaun,2024-10-27,11:05:46,-07:00,2024-10-27T11:05:46-07:00,0,9
src/style.css,241,css,70baddcd,mengkongaun,2024-10-27,11:05:46,-07:00,2024-10-27T11:05:46-07:00,0,11
src/style.css,242,css,70baddcd,mengkongaun,2024-10-27,11:05:46,-07:00,2024-10-27T11:05:46-07:00,0,14
src/style.css,243,css,70baddcd,mengkongaun,2024-10-27,11:05:46,-07:00,2024-10-27T11:05:46-07:00,0,20
src/style.css,244,css,3864594c,mengkongaun,2024-10-20,12:57:00,-07:00,2024-10-20T12:57:00-07:00,0,0
src/style.css,245,css,3864594c,mengkongaun,2024-10-20,12:57:00,-07:00,2024-10-20T12:57:00-07:00,0,0
src/style.css,246,css,70baddcd,mengkongaun,2024-10-27,11:05:46,-07:00,2024-10-27T11:05:46-07:00,0,21
src/style.css,247,css,3864594c,mengkongaun,2024-10-20,12:57:00,-07:00,2024-10-20T12:57:00-07:00,0,22
src/style.css,248,css,70baddcd,mengkongaun,2024-10-27,11:05:46,-07:00,2024-10-27T11:05:46-07:00,0,14
src/style.css,249,css,70baddcd,mengkongaun,2024-10-27,11:05:46,-07:00,2024-10-27T11:05:46-07:00,0,22
src/style.css,250,css,70baddcd,mengkongaun,2024-10-27,11:05:46,-07:00,2024-10-27T11:05:46-07:00,0,14
src/style.css,251,css,70baddcd,mengkongaun,2024-10-27,11:05:46,-07:00,2024-10-27T11:05:46-07:00,0,18
src/style.css,252,css,3864594c,mengkongaun,2024-10-20,12:57:00,-07:00,2024-10-20T12:57:00-07:00,0,0
src/style.css,253,css,3864594c,mengkongaun,2024-10-20,12:57:00,-07:00,2024-10-20T12:57:00-07:00,0,0
src/style.css,254,css,70baddcd,mengkongaun,2024-10-27,11:05:46,-07:00,2024-10-27T11:05:46-07:00,0,27
src/style.css,255,css,3864594c,mengkongaun,2024-10-20,12:57:00,-07:00,2024-10-20T12:57:00-07:00,0,22
src/style.css,256,css,70baddcd,mengkongaun,2024-10-27,11:05:46,-07:00,2024-10-27T11:05:46-07:00,0,21
src/style.css,257,css,282691d5,mengkongaun,2024-10-20,17:45:15,-07:00,2024-10-20T17:45:15-07:00,0,0
src/style.css,258,css,10176319,mengkongaun,2024-10-27,12:04:09,-07:00,2024-10-27T12:04:09-07:00,0,0
src/style.css,259,css,10176319,mengkongaun,2024-10-27,12:04:09,-07:00,2024-10-27T12:04:09-07:00,0,3
src/style.css,260,css,10176319,mengkongaun,2024-10-27,12:04:09,-07:00,2024-10-27T12:04:09-07:00,0,13
src/style.css,261,css,10176319,mengkongaun,2024-10-27,12:04:09,-07:00,2024-10-27T12:04:09-07:00,0,68
src/style.css,262,css,10176319,mengkongaun,2024-10-27,12:04:09,-07:00,2024-10-27T12:04:09-07:00,0,37
src/style.css,263,css,10176319,mengkongaun,2024-10-27,12:04:09,-07:00,2024-10-27T12:04:09-07:00,0,16
src/style.css,264,css,10176319,mengkongaun,2024-10-27,12:04:09,-07:00,2024-10-27T12:04:09-07:00,0,0
src/style.css,265,css,10176319,mengkongaun,2024-10-27,12:04:09,-07:00,2024-10-27T12:04:09-07:00,0,0
src/style.css,266,css,10176319,mengkongaun,2024-10-27,12:04:09,-07:00,2024-10-27T12:04:09-07:00,0,3
src/style.css,267,css,10176319,mengkongaun,2024-10-27,12:04:09,-07:00,2024-10-27T12:04:09-07:00,0,58
src/style.css,268,css,10176319,mengkongaun,2024-10-27,12:04:09,-07:00,2024-10-27T12:04:09-07:00,0,17
src/style.css,269,css,10176319,mengkongaun,2024-10-27,12:04:09,-07:00,2024-10-27T12:04:09-07:00,0,0
src/style.css,270,css,10176319,mengkongaun,2024-10-27,12:04:09,-07:00,2024-10-27T12:04:09-07:00,0,0
src/style.css,271,css,10176319,mengkongaun,2024-10-27,12:04:09,-07:00,2024-10-27T12:04:09-07:00,0,3
src/style.css,272,css,10176319,mengkongaun,2024-10-27,12:04:09,-07:00,2024-10-27T12:04:09-07:00,0,59
src/style.css,273,css,10176319,mengkongaun,2024-10-27,12:04:09,-07:00,2024-10-27T12:04:09-07:00,0,9
src/style.css,274,css,10176319,mengkongaun,2024-10-27,12:04:09,-07:00,2024-10-27T12:04:09-07:00,0,0
src/style.css,275,css,97213311,mengkongaun,2024-11-11,18:41:45,-08:00,2024-11-11T18:41:45-08:00,0,0
src/style.css,276,css,97213311,mengkongaun,2024-11-11,18:41:45,-08:00,2024-11-11T18:41:45-08:00,0,20
src/style.css,277,css,97213311,mengkongaun,2024-11-11,18:41:45,-08:00,2024-11-11T18:41:45-08:00,0,17
src/style.css,278,css,97213311,mengkongaun,2024-11-11,18:41:45,-08:00,2024-11-11T18:41:45-08:00,0,12
src/style.css,279,css,97213311,mengkongaun,2024-11-11,18:41:45,-08:00,2024-11-11T18:41:45-08:00,0,0
src/style.css,280,css,97213311,mengkongaun,2024-11-11,18:41:45,-08:00,2024-11-11T18:41:45-08:00,0,0
src/style.css,281,css,97213311,mengkongaun,2024-11-11,18:41:45,-08:00,2024-11-11T18:41:45-08:00,0,0
src/style.css,282,css,97213311,mengkongaun,2024-11-11,18:41:45,-08:00,2024-11-11T18:41:45-08:00,0,5
src/style.css,283,css,97213311,mengkongaun,2024-11-11,18:41:45,-08:00,2024-11-11T18:41:45-08:00,0,17
src/style.css,284,css,97213311,mengkongaun,2024-11-11,18:41:45,-08:00,2024-11-11T18:41:45-08:00,0,0
src/style.css,285,css,97213311,mengkongaun,2024-11-11,18:41:45,-08:00,2024-11-11T18:41:45-08:00,0,0
src/style.css,286,css,97213311,mengkongaun,2024-11-11,18:41:45,-08:00,2024-11-11T18:41:45-08:00,0,0
src/app.html,1,html,3864594c,mengkongaun,2024-10-20,12:57:00,-07:00,2024-10-20T12:57:00-07:00,0,14
src/app.html,2,html,d88c28e,mengkongaun,2024-10-20,12:27:24,-07:00,2024-10-20T12:27:24-07:00,0,15
src/app.html,3,html,3864594c,mengkongaun,2024-10-20,12:57:00,-07:00,2024-10-20T12:57:00-07:00,0,5
src/app.html,4,html,70baddcd,mengkongaun,2024-10-27,11:05:46,-07:00,2024-10-27T11:05:46-07:00,0,23
src/app.html,5,html,70baddcd,mengkongaun,2024-10-27,11:05:46,-07:00,2024-10-27T11:05:46-07:00,0,60
src/app.html,6,html,70baddcd,mengkongaun,2024-10-27,11:05:46,-07:00,2024-10-27T11:05:46-07:00,1,65
src/app.html,7,html,3864594c,mengkongaun,2024-10-20,12:57:00,-07:00,2024-10-20T12:57:00-07:00,0,71
src/app.html,8,html,70baddcd,mengkongaun,2024-10-27,11:05:46,-07:00,2024-10-27T11:05:46-07:00,0,66
src/app.html,9,html,70baddcd,mengkongaun,2024-10-27,11:05:46,-07:00,2024-10-27T11:05:46-07:00,0,15
src/app.html,10,html,3864594c,mengkongaun,2024-10-20,12:57:00,-07:00,2024-10-20T12:57:00-07:00,0,6
src/app.html,11,html,70baddcd,mengkongaun,2024-10-27,11:05:46,-07:00,2024-10-27T11:05:46-07:00,0,41
src/app.html,12,html,70baddcd,mengkongaun,2024-10-27,11:05:46,-07:00,2024-10-27T11:05:46-07:00,0,66
src/app.html,13,html,70baddcd,mengkongaun,2024-10-27,11:05:46,-07:00,2024-10-27T11:05:46-07:00,0,15
src/app.html,14,html,3864594c,mengkongaun,2024-10-20,12:57:00,-07:00,2024-10-20T12:57:00-07:00,0,6
src/app.html,15,html,d88c28e,mengkongaun,2024-10-20,12:27:24,-07:00,2024-10-20T12:27:24-07:00,0,6
src/routes/+page.svelte,1,svelte,74dc5baa,mengkongaun,2024-10-20,13:06:00,-07:00,2024-10-20T13:06:00-07:00,0,7
src/routes/+page.svelte,2,js,a5f0b1de,mengkongaun,2024-10-20,19:15:16,-07:00,2024-10-20T19:15:16-07:00,0,41
src/routes/+page.svelte,3,js,4b9d1d13,mengkongaun,2024-10-20,16:39:52,-07:00,2024-10-20T16:39:52-07:00,0,41
src/routes/+page.svelte,4,js,10176319,mengkongaun,2024-10-27,12:04:09,-07:00,2024-10-27T12:04:09-07:00,0,0
src/routes/+page.svelte,5,js,10176319,mengkongaun,2024-10-27,12:04:09,-07:00,2024-10-27T12:04:09-07:00,0,30
src/routes/+page.svelte,6,js,10176319,mengkongaun,2024-10-27,12:04:09,-07:00,2024-10-27T12:04:09-07:00,0,65
src/routes/+page.svelte,7,js,10176319,mengkongaun,2024-10-27,12:04:09,-07:00,2024-10-27T12:04:09-07:00,0,33
src/routes/+page.svelte,8,js,10176319,mengkongaun,2024-10-27,12:04:09,-07:00,2024-10-27T12:04:09-07:00,0,68
src/routes/+page.svelte,9,svelte,74dc5baa,mengkongaun,2024-10-20,13:06:00,-07:00,2024-10-20T13:06:00-07:00,0,8
src/routes/+page.svelte,10,svelte,74dc5baa,mengkongaun,2024-10-20,13:06:00,-07:00,2024-10-20T13:06:00-07:00,0,0
src/routes/+page.svelte,11,svelte,74dc5baa,mengkongaun,2024-10-20,13:06:00,-07:00,2024-10-20T13:06:00-07:00,0,20
src/routes/+page.svelte,12,svelte,74dc5baa,mengkongaun,2024-10-20,13:06:00,-07:00,2024-10-20T13:06:00-07:00,0,0
src/routes/+page.svelte,13,svelte,70baddcd,mengkongaun,2024-10-27,11:05:46,-07:00,2024-10-27T11:05:46-07:00,0,34
src/routes/+page.svelte,14,svelte,74dc5baa,mengkongaun,2024-10-20,13:06:00,-07:00,2024-10-20T13:06:00-07:00,0,97
src/routes/+page.svelte,15,svelte,74dc5baa,mengkongaun,2024-10-20,13:06:00,-07:00,2024-10-20T13:06:00-07:00,0,0
src/routes/+page.svelte,16,svelte,74dc5baa,mengkongaun,2024-10-20,13:06:00,-07:00,2024-10-20T13:06:00-07:00,0,36
src/routes/+page.svelte,17,svelte,74dc5baa,mengkongaun,2024-10-20,13:06:00,-07:00,2024-10-20T13:06:00-07:00,0,8
src/routes/+page.svelte,18,svelte,74dc5baa,mengkongaun,2024-10-20,13:06:00,-07:00,2024-10-20T13:06:00-07:00,0,7
src/routes/+page.svelte,19,svelte,74dc5baa,mengkongaun,2024-10-20,13:06:00,-07:00,2024-10-20T13:06:00-07:00,0,28
src/routes/+page.svelte,20,svelte,74dc5baa,mengkongaun,2024-10-20,13:06:00,-07:00,2024-10-20T13:06:00-07:00,0,8
src/routes/+page.svelte,21,svelte,70baddcd,mengkongaun,2024-10-27,11:05:46,-07:00,2024-10-27T11:05:46-07:00,0,41
src/routes/+page.svelte,22,svelte,70baddcd,mengkongaun,2024-10-27,11:05:46,-07:00,2024-10-27T11:05:46-07:00,0,47
src/routes/+page.svelte,23,svelte,70baddcd,mengkongaun,2024-10-27,11:05:46,-07:00,2024-10-27T11:05:46-07:00,0,94
src/routes/+page.svelte,24,svelte,70baddcd,mengkongaun,2024-10-27,11:05:46,-07:00,2024-10-27T11:05:46-07:00,0,47
src/routes/+page.svelte,25,svelte,74dc5baa,mengkongaun,2024-10-20,13:06:00,-07:00,2024-10-20T13:06:00-07:00,0,91
src/routes/+page.svelte,26,svelte,74dc5baa,mengkongaun,2024-10-20,13:06:00,-07:00,2024-10-20T13:06:00-07:00,0,78
src/routes/+page.svelte,27,svelte,74dc5baa,mengkongaun,2024-10-20,13:06:00,-07:00,2024-10-20T13:06:00-07:00,0,9
src/routes/+page.svelte,28,svelte,a5f0b1de,mengkongaun,2024-10-20,19:15:16,-07:00,2024-10-20T19:15:16-07:00,0,0
src/routes/+page.svelte,29,svelte,d74fb3a1,mengkongaun,2024-10-20,19:38:49,-07:00,2024-10-20T19:38:49-07:00,0,23
src/routes/+page.svelte,30,svelte,70baddcd,mengkongaun,2024-10-27,11:05:46,-07:00,2024-10-27T11:05:46-07:00,0,0
src/routes/+page.svelte,31,svelte,70baddcd,mengkongaun,2024-10-27,11:05:46,-07:00,2024-10-27T11:05:46-07:00,0,32
src/routes/+page.svelte,32,svelte,4b9d1d13,mengkongaun,2024-10-20,16:39:52,-07:00,2024-10-20T16:39:52-07:00,0,32
src/routes/+page.svelte,33,svelte,4b9d1d13,mengkongaun,2024-10-20,16:39:52,-07:00,2024-10-20T16:39:52-07:00,0,30
src/routes/+page.svelte,34,svelte,4b9d1d13,mengkongaun,2024-10-20,16:39:52,-07:00,2024-10-20T16:39:52-07:00,0,6
src/routes/+page.svelte,35,svelte,4b9d1d13,mengkongaun,2024-10-20,16:39:52,-07:00,2024-10-20T16:39:52-07:00,0,5
src/routes/+page.svelte,36,svelte,70baddcd,mengkongaun,2024-10-27,11:05:46,-07:00,2024-10-27T11:05:46-07:00,0,0
src/routes/+page.svelte,37,svelte,10176319,mengkongaun,2024-10-27,12:04:09,-07:00,2024-10-27T12:04:09-07:00,0,30
src/routes/+page.svelte,38,svelte,10176319,mengkongaun,2024-10-27,12:04:09,-07:00,2024-10-27T12:04:09-07:00,0,8
src/routes/+page.svelte,39,svelte,10176319,mengkongaun,2024-10-27,12:04:09,-07:00,2024-10-27T12:04:09-07:00,0,7
src/routes/+page.svelte,40,svelte,10176319,mengkongaun,2024-10-27,12:04:09,-07:00,2024-10-27T12:04:09-07:00,0,22
src/routes/+page.svelte,41,svelte,10176319,mengkongaun,2024-10-27,12:04:09,-07:00,2024-10-27T12:04:09-07:00,0,8
src/routes/+page.svelte,42,svelte,10176319,mengkongaun,2024-10-27,12:04:09,-07:00,2024-10-27T12:04:09-07:00,0,19
src/routes/+page.svelte,43,svelte,10176319,mengkongaun,2024-10-27,12:04:09,-07:00,2024-10-27T12:04:09-07:00,0,28
src/routes/+page.svelte,44,svelte,10176319,mengkongaun,2024-10-27,12:04:09,-07:00,2024-10-27T12:04:09-07:00,0,11
src/routes/+page.svelte,45,svelte,10176319,mengkongaun,2024-10-27,12:04:09,-07:00,2024-10-27T12:04:09-07:00,0,3
src/routes/+page.svelte,46,svelte,10176319,mengkongaun,2024-10-27,12:04:09,-07:00,2024-10-27T12:04:09-07:00,0,18
src/routes/+page.svelte,47,svelte,10176319,mengkongaun,2024-10-27,12:04:09,-07:00,2024-10-27T12:04:09-07:00,0,24
src/routes/+page.svelte,48,svelte,10176319,mengkongaun,2024-10-27,12:04:09,-07:00,2024-10-27T12:04:09-07:00,0,0
src/routes/+page.svelte,49,svelte,10176319,mengkongaun,2024-10-27,12:04:09,-07:00,2024-10-27T12:04:09-07:00,0,18
src/routes/+page.svelte,50,svelte,10176319,mengkongaun,2024-10-27,12:04:09,-07:00,2024-10-27T12:04:09-07:00,0,24
src/routes/+page.svelte,51,svelte,10176319,mengkongaun,2024-10-27,12:04:09,-07:00,2024-10-27T12:04:09-07:00,0,0
src/routes/+page.svelte,52,svelte,10176319,mengkongaun,2024-10-27,12:04:09,-07:00,2024-10-27T12:04:09-07:00,0,28
src/routes/+page.svelte,53,svelte,10176319,mengkongaun,2024-10-27,12:04:09,-07:00,2024-10-27T12:04:09-07:00,0,27
src/routes/+page.svelte,54,svelte,10176319,mengkongaun,2024-10-27,12:04:09,-07:00,2024-10-27T12:04:09-07:00,0,0
src/routes/+page.svelte,55,svelte,10176319,mengkongaun,2024-10-27,12:04:09,-07:00,2024-10-27T12:04:09-07:00,0,21
src/routes/+page.svelte,56,svelte,10176319,mengkongaun,2024-10-27,12:04:09,-07:00,2024-10-27T12:04:09-07:00,0,27
src/routes/+page.svelte,57,svelte,10176319,mengkongaun,2024-10-27,12:04:09,-07:00,2024-10-27T12:04:09-07:00,0,4
src/routes/+page.svelte,58,svelte,10176319,mengkongaun,2024-10-27,12:04:09,-07:00,2024-10-27T12:04:09-07:00,0,13
src/routes/+page.svelte,59,svelte,10176319,mengkongaun,2024-10-27,12:04:09,-07:00,2024-10-27T12:04:09-07:00,0,62
src/routes/+page.svelte,60,svelte,10176319,mengkongaun,2024-10-27,12:04:09,-07:00,2024-10-27T12:04:09-07:00,0,7
src/routes/+page.svelte,61,svelte,10176319,mengkongaun,2024-10-27,12:04:09,-07:00,2024-10-27T12:04:09-07:00,0,9
src/routes/+page.svelte,62,svelte,70baddcd,mengkongaun,2024-10-27,11:05:46,-07:00,2024-10-27T11:05:46-07:00,0,0
src/routes/+page.svelte,63,svelte,74dc5baa,mengkongaun,2024-10-20,13:06:00,-07:00,2024-10-20T13:06:00-07:00,0,23
src/routes/+page.svelte,64,svelte,74dc5baa,mengkongaun,2024-10-20,13:06:00,-07:00,2024-10-20T13:06:00-07:00,0,8
src/routes/+page.svelte,65,svelte,74dc5baa,mengkongaun,2024-10-20,13:06:00,-07:00,2024-10-20T13:06:00-07:00,0,7
src/routes/+page.svelte,66,svelte,74dc5baa,mengkongaun,2024-10-20,13:06:00,-07:00,2024-10-20T13:06:00-07:00,0,15
src/routes/+page.svelte,67,svelte,74dc5baa,mengkongaun,2024-10-20,13:06:00,-07:00,2024-10-20T13:06:00-07:00,0,8
src/routes/+page.svelte,68,svelte,70baddcd,mengkongaun,2024-10-27,11:05:46,-07:00,2024-10-27T11:05:46-07:00,0,571
src/routes/+page.svelte,69,svelte,74dc5baa,mengkongaun,2024-10-20,13:06:00,-07:00,2024-10-20T13:06:00-07:00,0,9
src/routes/+page.svelte,70,svelte,74dc5baa,mengkongaun,2024-10-20,13:06:00,-07:00,2024-10-20T13:06:00-07:00,0,0
src/routes/+page.svelte,71,svelte,74dc5baa,mengkongaun,2024-10-20,13:06:00,-07:00,2024-10-20T13:06:00-07:00,0,31
src/routes/+page.svelte,72,svelte,74dc5baa,mengkongaun,2024-10-20,13:06:00,-07:00,2024-10-20T13:06:00-07:00,0,8
src/routes/+page.svelte,73,svelte,74dc5baa,mengkongaun,2024-10-20,13:06:00,-07:00,2024-10-20T13:06:00-07:00,0,7
src/routes/+page.svelte,74,svelte,74dc5baa,mengkongaun,2024-10-20,13:06:00,-07:00,2024-10-20T13:06:00-07:00,0,23
src/routes/+page.svelte,75,svelte,74dc5baa,mengkongaun,2024-10-20,13:06:00,-07:00,2024-10-20T13:06:00-07:00,0,8
src/routes/+page.svelte,76,svelte,74dc5baa,mengkongaun,2024-10-20,13:06:00,-07:00,2024-10-20T13:06:00-07:00,0,0
src/routes/+page.svelte,77,svelte,74dc5baa,mengkongaun,2024-10-20,13:06:00,-07:00,2024-10-20T13:06:00-07:00,0,8
src/routes/+page.svelte,78,svelte,74dc5baa,mengkongaun,2024-10-20,13:06:00,-07:00,2024-10-20T13:06:00-07:00,0,7
src/routes/+page.svelte,79,svelte,74dc5baa,mengkongaun,2024-10-20,13:06:00,-07:00,2024-10-20T13:06:00-07:00,0,77
src/routes/+page.svelte,80,svelte,74dc5baa,mengkongaun,2024-10-20,13:06:00,-07:00,2024-10-20T13:06:00-07:00,0,50
src/routes/+page.svelte,81,svelte,74dc5baa,mengkongaun,2024-10-20,13:06:00,-07:00,2024-10-20T13:06:00-07:00,0,8
src/routes/+page.svelte,82,svelte,70baddcd,mengkongaun,2024-10-27,11:05:46,-07:00,2024-10-27T11:05:46-07:00,0,443
src/routes/+page.svelte,83,svelte,74dc5baa,mengkongaun,2024-10-20,13:06:00,-07:00,2024-10-20T13:06:00-07:00,0,9
src/routes/+page.svelte,84,svelte,70baddcd,mengkongaun,2024-10-27,11:05:46,-07:00,2024-10-27T11:05:46-07:00,0,0
src/routes/+page.svelte,85,svelte,74dc5baa,mengkongaun,2024-10-20,13:06:00,-07:00,2024-10-20T13:06:00-07:00,0,8
src/routes/+page.svelte,86,svelte,74dc5baa,mengkongaun,2024-10-20,13:06:00,-07:00,2024-10-20T13:06:00-07:00,0,7
src/routes/+page.svelte,87,svelte,74dc5baa,mengkongaun,2024-10-20,13:06:00,-07:00,2024-10-20T13:06:00-07:00,0,66
src/routes/+page.svelte,88,svelte,74dc5baa,mengkongaun,2024-10-20,13:06:00,-07:00,2024-10-20T13:06:00-07:00,0,56
src/routes/+page.svelte,89,svelte,74dc5baa,mengkongaun,2024-10-20,13:06:00,-07:00,2024-10-20T13:06:00-07:00,0,8
src/routes/+page.svelte,90,svelte,70baddcd,mengkongaun,2024-10-27,11:05:46,-07:00,2024-10-27T11:05:46-07:00,0,329
src/routes/+page.svelte,91,svelte,74dc5baa,mengkongaun,2024-10-20,13:06:00,-07:00,2024-10-20T13:06:00-07:00,0,9
src/routes/+page.svelte,92,svelte,74dc5baa,mengkongaun,2024-10-20,13:06:00,-07:00,2024-10-20T13:06:00-07:00,0,0
src/routes/+page.svelte,93,svelte,74dc5baa,mengkongaun,2024-10-20,13:06:00,-07:00,2024-10-20T13:06:00-07:00,0,8
src/routes/+page.svelte,94,svelte,74dc5baa,mengkongaun,2024-10-20,13:06:00,-07:00,2024-10-20T13:06:00-07:00,0,7
src/routes/+page.svelte,95,svelte,74dc5baa,mengkongaun,2024-10-20,13:06:00,-07:00,2024-10-20T13:06:00-07:00,0,61
src/routes/+page.svelte,96,svelte,74dc5baa,mengkongaun,2024-10-20,13:06:00,-07:00,2024-10-20T13:06:00-07:00,0,60
src/routes/+page.svelte,97,svelte,74dc5baa,mengkongaun,2024-10-20,13:06:00,-07:00,2024-10-20T13:06:00-07:00,0,8
src/routes/+page.svelte,98,svelte,70baddcd,mengkongaun,2024-10-27,11:05:46,-07:00,2024-10-27T11:05:46-07:00,0,297
src/routes/+page.svelte,99,svelte,74dc5baa,mengkongaun,2024-10-20,13:06:00,-07:00,2024-10-20T13:06:00-07:00,0,9
src/routes/+page.svelte,100,svelte,74dc5baa,mengkongaun,2024-10-20,13:06:00,-07:00,2024-10-20T13:06:00-07:00,0,0
src/routes/+page.svelte,101,svelte,74dc5baa,mengkongaun,2024-10-20,13:06:00,-07:00,2024-10-20T13:06:00-07:00,0,8
src/routes/+page.svelte,102,svelte,74dc5baa,mengkongaun,2024-10-20,13:06:00,-07:00,2024-10-20T13:06:00-07:00,0,7
src/routes/+page.svelte,103,svelte,74dc5baa,mengkongaun,2024-10-20,13:06:00,-07:00,2024-10-20T13:06:00-07:00,0,37
src/routes/+page.svelte,104,svelte,74dc5baa,mengkongaun,2024-10-20,13:06:00,-07:00,2024-10-20T13:06:00-07:00,0,56
src/routes/+page.svelte,105,svelte,74dc5baa,mengkongaun,2024-10-20,13:06:00,-07:00,2024-10-20T13:06:00-07:00,0,8
src/routes/+page.svelte,106,svelte,70baddcd,mengkongaun,2024-10-27,11:05:46,-07:00,2024-10-27T11:05:46-07:00,0,325
src/routes/+page.svelte,107,svelte,74dc5baa,mengkongaun,2024-10-20,13:06:00,-07:00,2024-10-20T13:06:00-07:00,0,9
src/routes/+page.svelte,108,svelte,74dc5baa,mengkongaun,2024-10-20,13:06:00,-07:00,2024-10-20T13:06:00-07:00,0,9
src/routes/+page.svelte,109,svelte,74dc5baa,mengkongaun,2024-10-20,13:06:00,-07:00,2024-10-20T13:06:00-07:00,0,0
src/routes/+page.svelte,110,svelte,74dc5baa,mengkongaun,2024-10-20,13:06:00,-07:00,2024-10-20T13:06:00-07:00,0,25
src/routes/+page.svelte,111,svelte,74dc5baa,mengkongaun,2024-10-20,13:06:00,-07:00,2024-10-20T13:06:00-07:00,0,8
src/routes/+page.svelte,112,svelte,74dc5baa,mengkongaun,2024-10-20,13:06:00,-07:00,2024-10-20T13:06:00-07:00,0,7
src/routes/+page.svelte,113,svelte,74dc5baa,mengkongaun,2024-10-20,13:06:00,-07:00,2024-10-20T13:06:00-07:00,0,17
src/routes/+page.svelte,114,svelte,74dc5baa,mengkongaun,2024-10-20,13:06:00,-07:00,2024-10-20T13:06:00-07:00,0,8
src/routes/+page.svelte,115,svelte,70baddcd,mengkongaun,2024-10-27,11:05:46,-07:00,2024-10-27T11:05:46-07:00,0,0
src/routes/+page.svelte,116,svelte,70baddcd,mengkongaun,2024-10-27,11:05:46,-07:00,2024-10-27T11:05:46-07:00,0,8
src/routes/+page.svelte,117,svelte,74dc5baa,mengkongaun,2024-10-20,13:06:00,-07:00,2024-10-20T13:06:00-07:00,0,88
src/routes/+page.svelte,118,svelte,74dc5baa,mengkongaun,2024-10-20,13:06:00,-07:00,2024-10-20T13:06:00-07:00,0,55
src/routes/+page.svelte,119,svelte,70baddcd,mengkongaun,2024-10-27,11:05:46,-07:00,2024-10-27T11:05:46-07:00,0,9
src/routes/+page.svelte,120,svelte,74dc5baa,mengkongaun,2024-10-20,13:06:00,-07:00,2024-10-20T13:06:00-07:00,0,0
src/routes/+page.svelte,121,svelte,70baddcd,mengkongaun,2024-10-27,11:05:46,-07:00,2024-10-27T11:05:46-07:00,0,8
src/routes/+page.svelte,122,svelte,74dc5baa,mengkongaun,2024-10-20,13:06:00,-07:00,2024-10-20T13:06:00-07:00,0,79
src/routes/+page.svelte,123,svelte,74dc5baa,mengkongaun,2024-10-20,13:06:00,-07:00,2024-10-20T13:06:00-07:00,0,54
src/routes/+page.svelte,124,svelte,70baddcd,mengkongaun,2024-10-27,11:05:46,-07:00,2024-10-27T11:05:46-07:00,0,9
src/routes/+page.svelte,125,svelte,74dc5baa,mengkongaun,2024-10-20,13:06:00,-07:00,2024-10-20T13:06:00-07:00,0,0
src/routes/+page.svelte,126,svelte,70baddcd,mengkongaun,2024-10-27,11:05:46,-07:00,2024-10-27T11:05:46-07:00,0,8
src/routes/+page.svelte,127,svelte,74dc5baa,mengkongaun,2024-10-20,13:06:00,-07:00,2024-10-20T13:06:00-07:00,0,95
src/routes/+page.svelte,128,svelte,74dc5baa,mengkongaun,2024-10-20,13:06:00,-07:00,2024-10-20T13:06:00-07:00,0,60
src/routes/+page.svelte,129,svelte,70baddcd,mengkongaun,2024-10-27,11:05:46,-07:00,2024-10-27T11:05:46-07:00,0,9
src/routes/+page.svelte,130,svelte,74dc5baa,mengkongaun,2024-10-20,13:06:00,-07:00,2024-10-20T13:06:00-07:00,0,9
src/routes/+page.svelte,131,svelte,74dc5baa,mengkongaun,2024-10-20,13:06:00,-07:00,2024-10-20T13:06:00-07:00,0,0
src/routes/+page.svelte,132,svelte,74dc5baa,mengkongaun,2024-10-20,13:06:00,-07:00,2024-10-20T13:06:00-07:00,0,22
src/routes/+page.svelte,133,svelte,74dc5baa,mengkongaun,2024-10-20,13:06:00,-07:00,2024-10-20T13:06:00-07:00,0,8
src/routes/+page.svelte,134,svelte,74dc5baa,mengkongaun,2024-10-20,13:06:00,-07:00,2024-10-20T13:06:00-07:00,0,7
src/routes/+page.svelte,135,svelte,74dc5baa,mengkongaun,2024-10-20,13:06:00,-07:00,2024-10-20T13:06:00-07:00,0,31
src/routes/+page.svelte,136,svelte,74dc5baa,mengkongaun,2024-10-20,13:06:00,-07:00,2024-10-20T13:06:00-07:00,0,8
src/routes/+page.svelte,137,svelte,74dc5baa,mengkongaun,2024-10-20,13:06:00,-07:00,2024-10-20T13:06:00-07:00,0,3
src/routes/+page.svelte,138,svelte,74dc5baa,mengkongaun,2024-10-20,13:06:00,-07:00,2024-10-20T13:06:00-07:00,0,84
src/routes/+page.svelte,139,svelte,74dc5baa,mengkongaun,2024-10-20,13:06:00,-07:00,2024-10-20T13:06:00-07:00,0,79
src/routes/+page.svelte,140,svelte,74dc5baa,mengkongaun,2024-10-20,13:06:00,-07:00,2024-10-20T13:06:00-07:00,0,71
src/routes/+page.svelte,141,svelte,74dc5baa,mengkongaun,2024-10-20,13:06:00,-07:00,2024-10-20T13:06:00-07:00,0,94
src/routes/+page.svelte,142,svelte,74dc5baa,mengkongaun,2024-10-20,13:06:00,-07:00,2024-10-20T13:06:00-07:00,0,4
src/routes/+page.svelte,143,svelte,7b29e73f,mengkongaun,2024-10-20,17:03:45,-07:00,2024-10-20T17:03:45-07:00,0,9
src/routes/+page.svelte,144,svelte,10176319,mengkongaun,2024-10-27,12:04:09,-07:00,2024-10-27T12:04:09-07:00,0,0
src/routes/+page.svelte,145,svelte,10176319,mengkongaun,2024-10-27,12:04:09,-07:00,2024-10-27T12:04:09-07:00,0,6
src/routes/+page.svelte,146,css,10176319,mengkongaun,2024-10-27,12:04:09,-07:00,2024-10-27T12:04:09-07:00,0,10
src/routes/+page.svelte,147,css,10176319,mengkongaun,2024-10-27,12:04:09,-07:00,2024-10-27T12:04:09-07:00,0,13
src/routes/+page.svelte,148,css,10176319,mengkongaun,2024-10-27,12:04:09,-07:00,2024-10-27T12:04:09-07:00,0,60
src/routes/+page.svelte,149,css,10176319,mengkongaun,2024-10-27,12:04:09,-07:00,2024-10-27T12:04:09-07:00,0,10
src/routes/+page.svelte,150,css,10176319,mengkongaun,2024-10-27,12:04:09,-07:00,2024-10-27T12:04:09-07:00,0,0
src/routes/+page.svelte,151,css,10176319,mengkongaun,2024-10-27,12:04:09,-07:00,2024-10-27T12:04:09-07:00,0,0
src/routes/+page.svelte,152,css,10176319,mengkongaun,2024-10-27,12:04:09,-07:00,2024-10-27T12:04:09-07:00,0,12
src/routes/+page.svelte,153,css,10176319,mengkongaun,2024-10-27,12:04:09,-07:00,2024-10-27T12:04:09-07:00,0,71
src/routes/+page.svelte,154,css,10176319,mengkongaun,2024-10-27,12:04:09,-07:00,2024-10-27T12:04:09-07:00,0,0
src/routes/+page.svelte,155,css,10176319,mengkongaun,2024-10-27,12:04:09,-07:00,2024-10-27T12:04:09-07:00,0,0
src/routes/+page.svelte,156,css,10176319,mengkongaun,2024-10-27,12:04:09,-07:00,2024-10-27T12:04:09-07:00,0,14
src/routes/+page.svelte,157,css,10176319,mengkongaun,2024-10-27,12:04:09,-07:00,2024-10-27T12:04:09-07:00,0,13
src/routes/+page.svelte,158,css,10176319,mengkongaun,2024-10-27,12:04:09,-07:00,2024-10-27T12:04:09-07:00,0,62
src/routes/+page.svelte,159,css,10176319,mengkongaun,2024-10-27,12:04:09,-07:00,2024-10-27T12:04:09-07:00,0,43
src/routes/+page.svelte,160,css,10176319,mengkongaun,2024-10-27,12:04:09,-07:00,2024-10-27T12:04:09-07:00,0,10
src/routes/+page.svelte,161,css,10176319,mengkongaun,2024-10-27,12:04:09,-07:00,2024-10-27T12:04:09-07:00,0,13
src/routes/+page.svelte,162,css,10176319,mengkongaun,2024-10-27,12:04:09,-07:00,2024-10-27T12:04:09-07:00,0,0
src/routes/+page.svelte,163,css,10176319,mengkongaun,2024-10-27,12:04:09,-07:00,2024-10-27T12:04:09-07:00,0,0
src/routes/+page.svelte,164,css,10176319,mengkongaun,2024-10-27,12:04:09,-07:00,2024-10-27T12:04:09-07:00,0,18
src/routes/+page.svelte,165,css,10176319,mengkongaun,2024-10-27,12:04:09,-07:00,2024-10-27T12:04:09-07:00,0,61
src/routes/+page.svelte,166,css,10176319,mengkongaun,2024-10-27,12:04:09,-07:00,2024-10-27T12:04:09-07:00,0,18
src/routes/+page.svelte,167,css,10176319,mengkongaun,2024-10-27,12:04:09,-07:00,2024-10-27T12:04:09-07:00,0,13
src/routes/+page.svelte,168,css,10176319,mengkongaun,2024-10-27,12:04:09,-07:00,2024-10-27T12:04:09-07:00,0,0
src/routes/+page.svelte,169,css,10176319,mengkongaun,2024-10-27,12:04:09,-07:00,2024-10-27T12:04:09-07:00,0,0
src/routes/+page.svelte,170,css,10176319,mengkongaun,2024-10-27,12:04:09,-07:00,2024-10-27T12:04:09-07:00,0,3
src/routes/+page.svelte,171,css,10176319,mengkongaun,2024-10-27,12:04:09,-07:00,2024-10-27T12:04:09-07:00,0,15
src/routes/+page.svelte,172,css,10176319,mengkongaun,2024-10-27,12:04:09,-07:00,2024-10-27T12:04:09-07:00,0,40
src/routes/+page.svelte,173,css,10176319,mengkongaun,2024-10-27,12:04:09,-07:00,2024-10-27T12:04:09-07:00,0,0
src/routes/+page.svelte,174,css,10176319,mengkongaun,2024-10-27,12:04:09,-07:00,2024-10-27T12:04:09-07:00,0,0
src/routes/+page.svelte,175,css,10176319,mengkongaun,2024-10-27,12:04:09,-07:00,2024-10-27T12:04:09-07:00,0,3
src/routes/+page.svelte,176,css,10176319,mengkongaun,2024-10-27,12:04:09,-07:00,2024-10-27T12:04:09-07:00,0,15
src/routes/+page.svelte,177,css,10176319,mengkongaun,2024-10-27,12:04:09,-07:00,2024-10-27T12:04:09-07:00,0,17
src/routes/+page.svelte,178,css,10176319,mengkongaun,2024-10-27,12:04:09,-07:00,2024-10-27T12:04:09-07:00,0,9
src/routes/+page.svelte,179,css,10176319,mengkongaun,2024-10-27,12:04:09,-07:00,2024-10-27T12:04:09-07:00,0,52
src/routes/+page.svelte,180,css,10176319,mengkongaun,2024-10-27,12:04:09,-07:00,2024-10-27T12:04:09-07:00,0,0
src/routes/+page.svelte,181,svelte,10176319,mengkongaun,2024-10-27,12:04:09,-07:00,2024-10-27T12:04:09-07:00,0,7
src/routes/+layout.svelte,1,svelte,4b9d1d13,mengkongaun,2024-10-20,16:39:52,-07:00,2024-10-20T16:39:52-07:00,0,7
src/routes/+layout.svelte,2,js,02ffff7b,mengkongaun,2024-10-27,10:41:05,-07:00,2024-10-27T10:41:05-07:00,0,57
src/routes/+layout.svelte,3,js,02ffff7b,mengkongaun,2024-10-27,10:41:05,-07:00,2024-10-27T10:41:05-07:00,0,61
src/routes/+layout.svelte,4,js,70baddcd,mengkongaun,2024-10-27,11:05:46,-07:00,2024-10-27T11:05:46-07:00,0,0
src/routes/+layout.svelte,5,js,70baddcd,mengkongaun,2024-10-27,11:05:46,-07:00,2024-10-27T11:05:46-07:00,0,66
src/routes/+layout.svelte,6,js,70baddcd,mengkongaun,2024-10-27,11:05:46,-07:00,2024-10-27T11:05:46-07:00,0,48
src/routes/+layout.svelte,7,js,70baddcd,mengkongaun,2024-10-27,11:05:46,-07:00,2024-10-27T11:05:46-07:00,0,0
src/routes/+layout.svelte,8,js,70baddcd,mengkongaun,2024-10-27,11:05:46,-07:00,2024-10-27T11:05:46-07:00,0,59
src/routes/+layout.svelte,9,js,70baddcd,mengkongaun,2024-10-27,11:05:46,-07:00,2024-10-27T11:05:46-07:00,0,55
src/routes/+layout.svelte,10,js,f7ee6073,mengkongaun,2024-10-27,12:17:01,-07:00,2024-10-27T12:17:01-07:00,0,0
src/routes/+layout.svelte,11,js,70baddcd,mengkongaun,2024-10-27,11:05:46,-07:00,2024-10-27T11:05:46-07:00,0,50
src/routes/+layout.svelte,12,js,70baddcd,mengkongaun,2024-10-27,11:05:46,-07:00,2024-10-27T11:05:46-07:00,0,48
src/routes/+layout.svelte,13,js,70baddcd,mengkongaun,2024-10-27,11:05:46,-07:00,2024-10-27T11:05:46-07:00,0,54
src/routes/+layout.svelte,14,js,70baddcd,mengkongaun,2024-10-27,11:05:46,-07:00,2024-10-27T11:05:46-07:00,0,0
src/routes/+layout.svelte,15,js,70baddcd,mengkongaun,2024-10-27,11:05:46,-07:00,2024-10-27T11:05:46-07:00,0,55
src/routes/+layout.svelte,16,js,70baddcd,mengkongaun,2024-10-27,11:05:46,-07:00,2024-10-27T11:05:46-07:00,0,41
src/routes/+layout.svelte,17,js,97213311,mengkongaun,2024-11-11,18:41:45,-08:00,2024-11-11T18:41:45-08:00,0,0
src/routes/+layout.svelte,18,js,70baddcd,mengkongaun,2024-10-27,11:05:46,-07:00,2024-10-27T11:05:46-07:00,0,22
src/routes/+layout.svelte,19,js,02ffff7b,mengkongaun,2024-10-27,10:41:05,-07:00,2024-10-27T10:41:05-07:00,0,12
src/routes/+layout.svelte,20,js,02ffff7b,mengkongaun,2024-10-27,10:41:05,-07:00,2024-10-27T10:41:05-07:00,0,28
src/routes/+layout.svelte,21,js,02ffff7b,mengkongaun,2024-10-27,10:41:05,-07:00,2024-10-27T10:41:05-07:00,0,40
src/routes/+layout.svelte,22,js,02ffff7b,mengkongaun,2024-10-27,10:41:05,-07:00,2024-10-27T10:41:05-07:00,0,38
src/routes/+layout.svelte,23,js,00000000,Not Committed Yet,2024-11-11,18:45:38,-08:00,2024-11-11T18:45:38-08:00,0,32
src/routes/+layout.svelte,24,js,02ffff7b,mengkongaun,2024-10-27,10:41:05,-07:00,2024-10-27T10:41:05-07:00,0,73
src/routes/+layout.svelte,25,js,02ffff7b,mengkongaun,2024-10-27,10:41:05,-07:00,2024-10-27T10:41:05-07:00,0,56
src/routes/+layout.svelte,26,js,02ffff7b,mengkongaun,2024-10-27,10:41:05,-07:00,2024-10-27T10:41:05-07:00,0,1
src/routes/+layout.svelte,27,svelte,70baddcd,mengkongaun,2024-10-27,11:05:46,-07:00,2024-10-27T11:05:46-07:00,0,8
src/routes/+layout.svelte,28,svelte,70baddcd,mengkongaun,2024-10-27,11:05:46,-07:00,2024-10-27T11:05:46-07:00,0,0
src/routes/+layout.svelte,29,svelte,70baddcd,mengkongaun,2024-10-27,11:05:46,-07:00,2024-10-27T11:05:46-07:00,0,4
src/routes/+layout.svelte,30,svelte,02ffff7b,mengkongaun,2024-10-27,10:41:05,-07:00,2024-10-27T10:41:05-07:00,0,18
src/routes/+layout.svelte,31,svelte,02ffff7b,mengkongaun,2024-10-27,10:41:05,-07:00,2024-10-27T10:41:05-07:00,0,114
src/routes/+layout.svelte,32,svelte,02ffff7b,mengkongaun,2024-10-27,10:41:05,-07:00,2024-10-27T10:41:05-07:00,0,8
src/routes/+layout.svelte,33,svelte,02ffff7b,mengkongaun,2024-10-27,10:41:05,-07:00,2024-10-27T10:41:05-07:00,0,3
src/routes/+layout.svelte,34,svelte,02ffff7b,mengkongaun,2024-10-27,10:41:05,-07:00,2024-10-27T10:41:05-07:00,0,6
src/routes/+layout.svelte,35,svelte,70baddcd,mengkongaun,2024-10-27,11:05:46,-07:00,2024-10-27T11:05:46-07:00,0,5
src/routes/+layout.svelte,36,svelte,70baddcd,mengkongaun,2024-10-27,11:05:46,-07:00,2024-10-27T11:05:46-07:00,0,0
src/routes/+layout.svelte,37,svelte,70baddcd,mengkongaun,2024-10-27,11:05:46,-07:00,2024-10-27T11:05:46-07:00,0,22
src/routes/+layout.svelte,38,svelte,70baddcd,mengkongaun,2024-10-27,11:05:46,-07:00,2024-10-27T11:05:46-07:00,0,27
src/routes/+layout.svelte,39,svelte,70baddcd,mengkongaun,2024-10-27,11:05:46,-07:00,2024-10-27T11:05:46-07:00,0,5
src/routes/+layout.svelte,40,svelte,70baddcd,mengkongaun,2024-10-27,11:05:46,-07:00,2024-10-27T11:05:46-07:00,0,32
src/routes/+layout.svelte,41,svelte,70baddcd,mengkongaun,2024-10-27,11:05:46,-07:00,2024-10-27T11:05:46-07:00,0,44
src/routes/+layout.svelte,42,svelte,70baddcd,mengkongaun,2024-10-27,11:05:46,-07:00,2024-10-27T11:05:46-07:00,0,35
src/routes/+layout.svelte,43,svelte,70baddcd,mengkongaun,2024-10-27,11:05:46,-07:00,2024-10-27T11:05:46-07:00,0,33
src/routes/+layout.svelte,44,svelte,70baddcd,mengkongaun,2024-10-27,11:05:46,-07:00,2024-10-27T11:05:46-07:00,0,8
src/routes/+layout.svelte,45,svelte,70baddcd,mengkongaun,2024-10-27,11:05:46,-07:00,2024-10-27T11:05:46-07:00,0,7
src/routes/+layout.svelte,46,svelte,70baddcd,mengkongaun,2024-10-27,11:05:46,-07:00,2024-10-27T11:05:46-07:00,0,0
src/routes/+layout.svelte,47,svelte,70baddcd,mengkongaun,2024-10-27,11:05:46,-07:00,2024-10-27T11:05:46-07:00,0,7
src/routes/+layout.svelte,48,svelte,70baddcd,mengkongaun,2024-10-27,11:05:46,-07:00,2024-10-27T11:05:46-07:00,0,0
src/routes/+layout.svelte,49,svelte,70baddcd,mengkongaun,2024-10-27,11:05:46,-07:00,2024-10-27T11:05:46-07:00,0,6
src/routes/+layout.svelte,50,css,02ffff7b,mengkongaun,2024-10-27,10:41:05,-07:00,2024-10-27T10:41:05-07:00,0,4
src/routes/+layout.svelte,51,css,02ffff7b,mengkongaun,2024-10-27,10:41:05,-07:00,2024-10-27T10:41:05-07:00,0,25
src/routes/+layout.svelte,52,css,02ffff7b,mengkongaun,2024-10-27,10:41:05,-07:00,2024-10-27T10:41:05-07:00,0,13
src/routes/+layout.svelte,53,css,02ffff7b,mengkongaun,2024-10-27,10:41:05,-07:00,2024-10-27T10:41:05-07:00,0,13
src/routes/+layout.svelte,54,css,02ffff7b,mengkongaun,2024-10-27,10:41:05,-07:00,2024-10-27T10:41:05-07:00,0,9
src/routes/+layout.svelte,55,css,02ffff7b,mengkongaun,2024-10-27,10:41:05,-07:00,2024-10-27T10:41:05-07:00,0,0
src/routes/+layout.svelte,56,css,70baddcd,mengkongaun,2024-10-27,11:05:46,-07:00,2024-10-27T11:05:46-07:00,0,0
src/routes/+layout.svelte,57,css,02ffff7b,mengkongaun,2024-10-27,10:41:05,-07:00,2024-10-27T10:41:05-07:00,0,2
src/routes/+layout.svelte,58,css,02ffff7b,mengkongaun,2024-10-27,10:41:05,-07:00,2024-10-27T10:41:05-07:00,0,21
src/routes/+layout.svelte,59,css,02ffff7b,mengkongaun,2024-10-27,10:41:05,-07:00,2024-10-27T10:41:05-07:00,0,12
src/routes/+layout.svelte,60,css,02ffff7b,mengkongaun,2024-10-27,10:41:05,-07:00,2024-10-27T10:41:05-07:00,0,14
src/routes/+layout.svelte,61,css,02ffff7b,mengkongaun,2024-10-27,10:41:05,-07:00,2024-10-27T10:41:05-07:00,0,17
src/routes/+layout.svelte,62,css,02ffff7b,mengkongaun,2024-10-27,10:41:05,-07:00,2024-10-27T10:41:05-07:00,0,0
src/routes/+layout.svelte,63,css,70baddcd,mengkongaun,2024-10-27,11:05:46,-07:00,2024-10-27T11:05:46-07:00,0,0
src/routes/+layout.svelte,64,css,02ffff7b,mengkongaun,2024-10-27,10:41:05,-07:00,2024-10-27T10:41:05-07:00,0,8
src/routes/+layout.svelte,65,css,02ffff7b,mengkongaun,2024-10-27,10:41:05,-07:00,2024-10-27T10:41:05-07:00,0,22
src/routes/+layout.svelte,66,css,02ffff7b,mengkongaun,2024-10-27,10:41:05,-07:00,2024-10-27T10:41:05-07:00,0,0
src/routes/+layout.svelte,67,css,70baddcd,mengkongaun,2024-10-27,11:05:46,-07:00,2024-10-27T11:05:46-07:00,0,0
src/routes/+layout.svelte,68,css,02ffff7b,mengkongaun,2024-10-27,10:41:05,-07:00,2024-10-27T10:41:05-07:00,0,9
src/routes/+layout.svelte,69,css,02ffff7b,mengkongaun,2024-10-27,10:41:05,-07:00,2024-10-27T10:41:05-07:00,0,17
src/routes/+layout.svelte,70,css,02ffff7b,mengkongaun,2024-10-27,10:41:05,-07:00,2024-10-27T10:41:05-07:00,0,20
src/routes/+layout.svelte,71,css,02ffff7b,mengkongaun,2024-10-27,10:41:05,-07:00,2024-10-27T10:41:05-07:00,0,38
src/routes/+layout.svelte,72,css,02ffff7b,mengkongaun,2024-10-27,10:41:05,-07:00,2024-10-27T10:41:05-07:00,0,0
src/routes/+layout.svelte,73,css,70baddcd,mengkongaun,2024-10-27,11:05:46,-07:00,2024-10-27T11:05:46-07:00,0,0
src/routes/+layout.svelte,74,css,02ffff7b,mengkongaun,2024-10-27,10:41:05,-07:00,2024-10-27T10:41:05-07:00,0,14
src/routes/+layout.svelte,75,css,70baddcd,mengkongaun,2024-10-27,11:05:46,-07:00,2024-10-27T11:05:46-07:00,0,18
src/routes/+layout.svelte,76,css,70baddcd,mengkongaun,2024-10-27,11:05:46,-07:00,2024-10-27T11:05:46-07:00,0,9
src/routes/+layout.svelte,77,css,70baddcd,mengkongaun,2024-10-27,11:05:46,-07:00,2024-10-27T11:05:46-07:00,0,11
src/routes/+layout.svelte,78,css,70baddcd,mengkongaun,2024-10-27,11:05:46,-07:00,2024-10-27T11:05:46-07:00,0,14
src/routes/+layout.svelte,79,css,02ffff7b,mengkongaun,2024-10-27,10:41:05,-07:00,2024-10-27T10:41:05-07:00,0,0
src/routes/+layout.svelte,80,svelte,70baddcd,mengkongaun,2024-10-27,11:05:46,-07:00,2024-10-27T11:05:46-07:00,0,7
src/routes/+layout.svelte,81,svelte,70baddcd,mengkongaun,2024-10-27,11:05:46,-07:00,2024-10-27T11:05:46-07:00,0,0
src/routes/projects/+page.svelte,1,svelte,4b9d1d13,mengkongaun,2024-10-20,16:39:52,-07:00,2024-10-20T16:39:52-07:00,0,7
src/routes/projects/+page.svelte,2,js,97213311,mengkongaun,2024-11-11,18:41:45,-08:00,2024-11-11T18:41:45-08:00,0,41
src/routes/projects/+page.svelte,3,js,97213311,mengkongaun,2024-11-11,18:41:45,-08:00,2024-11-11T18:41:45-08:00,0,41
src/routes/projects/+page.svelte,4,js,97213311,mengkongaun,2024-11-11,18:41:45,-08:00,2024-11-11T18:41:45-08:00,0,33
src/routes/projects/+page.svelte,5,js,97213311,mengkongaun,2024-11-11,18:41:45,-08:00,2024-11-11T18:41:45-08:00,0,24
src/routes/projects/+page.svelte,6,js,97213311,mengkongaun,2024-11-11,18:41:45,-08:00,2024-11-11T18:41:45-08:00,0,0
src/routes/projects/+page.svelte,7,js,97213311,mengkongaun,2024-11-11,18:41:45,-08:00,2024-11-11T18:41:45-08:00,0,41
src/routes/projects/+page.svelte,8,js,97213311,mengkongaun,2024-11-11,18:41:45,-08:00,2024-11-11T18:41:45-08:00,0,60
src/routes/projects/+page.svelte,9,js,97213311,mengkongaun,2024-11-11,18:41:45,-08:00,2024-11-11T18:41:45-08:00,0,0
src/routes/projects/+page.svelte,10,js,97213311,mengkongaun,2024-11-11,18:41:45,-08:00,2024-11-11T18:41:45-08:00,0,50
src/routes/projects/+page.svelte,11,js,97213311,mengkongaun,2024-11-11,18:41:45,-08:00,2024-11-11T18:41:45-08:00,0,20
src/routes/projects/+page.svelte,12,js,97213311,mengkongaun,2024-11-11,18:41:45,-08:00,2024-11-11T18:41:45-08:00,0,51
src/routes/projects/+page.svelte,13,js,97213311,mengkongaun,2024-11-11,18:41:45,-08:00,2024-11-11T18:41:45-08:00,0,60
src/routes/projects/+page.svelte,14,js,97213311,mengkongaun,2024-11-11,18:41:45,-08:00,2024-11-11T18:41:45-08:00,0,43
src/routes/projects/+page.svelte,15,js,97213311,mengkongaun,2024-11-11,18:41:45,-08:00,2024-11-11T18:41:45-08:00,0,2
src/routes/projects/+page.svelte,16,js,97213311,mengkongaun,2024-11-11,18:41:45,-08:00,2024-11-11T18:41:45-08:00,0,0
src/routes/projects/+page.svelte,17,js,97213311,mengkongaun,2024-11-11,18:41:45,-08:00,2024-11-11T18:41:45-08:00,0,46
src/routes/projects/+page.svelte,18,js,97213311,mengkongaun,2024-11-11,18:41:45,-08:00,2024-11-11T18:41:45-08:00,0,11
src/routes/projects/+page.svelte,19,js,97213311,mengkongaun,2024-11-11,18:41:45,-08:00,2024-11-11T18:41:45-08:00,0,3
src/routes/projects/+page.svelte,20,js,97213311,mengkongaun,2024-11-11,18:41:45,-08:00,2024-11-11T18:41:45-08:00,0,27
src/routes/projects/+page.svelte,21,js,97213311,mengkongaun,2024-11-11,18:41:45,-08:00,2024-11-11T18:41:45-08:00,0,16
src/routes/projects/+page.svelte,22,js,97213311,mengkongaun,2024-11-11,18:41:45,-08:00,2024-11-11T18:41:45-08:00,0,15
src/routes/projects/+page.svelte,23,js,97213311,mengkongaun,2024-11-11,18:41:45,-08:00,2024-11-11T18:41:45-08:00,0,12
src/routes/projects/+page.svelte,24,js,97213311,mengkongaun,2024-11-11,18:41:45,-08:00,2024-11-11T18:41:45-08:00,0,1
src/routes/projects/+page.svelte,25,js,97213311,mengkongaun,2024-11-11,18:41:45,-08:00,2024-11-11T18:41:45-08:00,0,0
src/routes/projects/+page.svelte,26,js,97213311,mengkongaun,2024-11-11,18:41:45,-08:00,2024-11-11T18:41:45-08:00,0,44
src/routes/projects/+page.svelte,27,js,97213311,mengkongaun,2024-11-11,18:41:45,-08:00,2024-11-11T18:41:45-08:00,0,36
src/routes/projects/+page.svelte,28,js,97213311,mengkongaun,2024-11-11,18:41:45,-08:00,2024-11-11T18:41:45-08:00,0,2
src/routes/projects/+page.svelte,29,js,97213311,mengkongaun,2024-11-11,18:41:45,-08:00,2024-11-11T18:41:45-08:00,0,0
src/routes/projects/+page.svelte,30,js,97213311,mengkongaun,2024-11-11,18:41:45,-08:00,2024-11-11T18:41:45-08:00,0,0
src/routes/projects/+page.svelte,31,js,97213311,mengkongaun,2024-11-11,18:41:45,-08:00,2024-11-11T18:41:45-08:00,0,60
src/routes/projects/+page.svelte,32,js,97213311,mengkongaun,2024-11-11,18:41:45,-08:00,2024-11-11T18:41:45-08:00,0,16
src/routes/projects/+page.svelte,33,js,97213311,mengkongaun,2024-11-11,18:41:45,-08:00,2024-11-11T18:41:45-08:00,0,83
src/routes/projects/+page.svelte,34,js,97213311,mengkongaun,2024-11-11,18:41:45,-08:00,2024-11-11T18:41:45-08:00,0,0
src/routes/projects/+page.svelte,35,js,97213311,mengkongaun,2024-11-11,18:41:45,-08:00,2024-11-11T18:41:45-08:00,0,60
src/routes/projects/+page.svelte,36,js,97213311,mengkongaun,2024-11-11,18:41:45,-08:00,2024-11-11T18:41:45-08:00,0,18
src/routes/projects/+page.svelte,37,js,97213311,mengkongaun,2024-11-11,18:41:45,-08:00,2024-11-11T18:41:45-08:00,0,55
src/routes/projects/+page.svelte,38,js,97213311,mengkongaun,2024-11-11,18:41:45,-08:00,2024-11-11T18:41:45-08:00,0,50
src/routes/projects/+page.svelte,39,js,97213311,mengkongaun,2024-11-11,18:41:45,-08:00,2024-11-11T18:41:45-08:00,0,1
src/routes/projects/+page.svelte,40,svelte,3051163b,mengkongaun,2024-10-27,10:41:32,-07:00,2024-10-27T10:41:32-07:00,0,8
src/routes/projects/+page.svelte,41,svelte,3051163b,mengkongaun,2024-10-27,10:41:32,-07:00,2024-10-27T10:41:32-07:00,0,0
src/routes/projects/+page.svelte,42,svelte,97213311,mengkongaun,2024-11-11,18:41:45,-08:00,2024-11-11T18:41:45-08:00,0,40
src/routes/projects/+page.svelte,43,svelte,97213311,mengkongaun,2024-11-11,18:41:45,-08:00,2024-11-11T18:41:45-08:00,0,0
src/routes/projects/+page.svelte,44,svelte,97213311,mengkongaun,2024-11-11,18:41:45,-08:00,2024-11-11T18:41:45-08:00,0,63
src/routes/projects/+page.svelte,45,svelte,97213311,mengkongaun,2024-11-11,18:41:45,-08:00,2024-11-11T18:41:45-08:00,0,60
src/routes/projects/+page.svelte,46,svelte,97213311,mengkongaun,2024-11-11,18:41:45,-08:00,2024-11-11T18:41:45-08:00,0,0
src/routes/projects/+page.svelte,47,svelte,97213311,mengkongaun,2024-11-11,18:41:45,-08:00,2024-11-11T18:41:45-08:00,0,20
src/routes/projects/+page.svelte,48,svelte,97213311,mengkongaun,2024-11-11,18:41:45,-08:00,2024-11-11T18:41:45-08:00,0,5
src/routes/projects/+page.svelte,49,svelte,97213311,mengkongaun,2024-11-11,18:41:45,-08:00,2024-11-11T18:41:45-08:00,0,12
src/routes/projects/+page.svelte,50,svelte,97213311,mengkongaun,2024-11-11,18:41:45,-08:00,2024-11-11T18:41:45-08:00,0,19
src/routes/projects/+page.svelte,51,svelte,97213311,mengkongaun,2024-11-11,18:41:45,-08:00,2024-11-11T18:41:45-08:00,0,27
src/routes/projects/+page.svelte,52,svelte,97213311,mengkongaun,2024-11-11,18:41:45,-08:00,2024-11-11T18:41:45-08:00,0,32
src/routes/projects/+page.svelte,53,svelte,97213311,mengkongaun,2024-11-11,18:41:45,-08:00,2024-11-11T18:41:45-08:00,0,1
src/routes/projects/+page.svelte,54,svelte,8bec6c02,mengkongaun,2024-11-06,20:30:34,-08:00,2024-11-06T20:30:34-08:00,0,0
src/routes/projects/+page.svelte,55,svelte,3051163b,mengkongaun,2024-10-27,10:41:32,-07:00,2024-10-27T10:41:32-07:00,0,40
src/routes/projects/+page.svelte,56,svelte,3051163b,mengkongaun,2024-10-27,10:41:32,-07:00,2024-10-27T10:41:32-07:00,0,0
src/routes/projects/+page.svelte,57,svelte,97213311,mengkongaun,2024-11-11,18:41:45,-08:00,2024-11-11T18:41:45-08:00,0,70
src/routes/projects/+page.svelte,58,svelte,3051163b,mengkongaun,2024-10-27,10:41:32,-07:00,2024-10-27T10:41:32-07:00,0,21
src/routes/projects/+page.svelte,59,svelte,97213311,mengkongaun,2024-11-11,18:41:45,-08:00,2024-11-11T18:41:45-08:00,0,26
src/routes/projects/+page.svelte,60,svelte,97213311,mengkongaun,2024-11-11,18:41:45,-08:00,2024-11-11T18:41:45-08:00,0,19
src/routes/projects/+page.svelte,61,svelte,97213311,mengkongaun,2024-11-11,18:41:45,-08:00,2024-11-11T18:41:45-08:00,0,6
src/routes/projects/+page.svelte,62,svelte,3051163b,mengkongaun,2024-10-27,10:41:32,-07:00,2024-10-27T10:41:32-07:00,0,5
src/routes/projects/+page.svelte,63,svelte,8bec6c02,mengkongaun,2024-11-06,20:30:34,-08:00,2024-11-06T20:30:34-08:00,0,0
src/routes/projects/+page.svelte,64,svelte,8bec6c02,mengkongaun,2024-11-06,20:30:34,-08:00,2024-11-06T20:30:34-08:00,0,6
src/routes/projects/+page.svelte,65,css,8bec6c02,mengkongaun,2024-11-06,20:30:34,-08:00,2024-11-06T20:30:34-08:00,0,10
src/routes/projects/+page.svelte,66,css,97213311,mengkongaun,2024-11-11,18:41:45,-08:00,2024-11-11T18:41:45-08:00,0,13
src/routes/projects/+page.svelte,67,css,97213311,mengkongaun,2024-11-11,18:41:45,-08:00,2024-11-11T18:41:45-08:00,0,60
src/routes/projects/+page.svelte,68,css,97213311,mengkongaun,2024-11-11,18:41:45,-08:00,2024-11-11T18:41:45-08:00,0,10
src/routes/projects/+page.svelte,69,css,97213311,mengkongaun,2024-11-11,18:41:45,-08:00,2024-11-11T18:41:45-08:00,0,0
src/routes/projects/+page.svelte,70,css,97213311,mengkongaun,2024-11-11,18:41:45,-08:00,2024-11-11T18:41:45-08:00,0,0
src/routes/projects/+page.svelte,71,css,97213311,mengkongaun,2024-11-11,18:41:45,-08:00,2024-11-11T18:41:45-08:00,0,42
src/routes/projects/+page.svelte,72,css,97213311,mengkongaun,2024-11-11,18:41:45,-08:00,2024-11-11T18:41:45-08:00,0,21
src/routes/projects/+page.svelte,73,css,97213311,mengkongaun,2024-11-11,18:41:45,-08:00,2024-11-11T18:41:45-08:00,0,14
src/routes/projects/+page.svelte,74,css,97213311,mengkongaun,2024-11-11,18:41:45,-08:00,2024-11-11T18:41:45-08:00,0,18
src/routes/projects/+page.svelte,75,css,97213311,mengkongaun,2024-11-11,18:41:45,-08:00,2024-11-11T18:41:45-08:00,0,11
src/routes/projects/+page.svelte,76,css,97213311,mengkongaun,2024-11-11,18:41:45,-08:00,2024-11-11T18:41:45-08:00,0,16
src/routes/projects/+page.svelte,77,css,97213311,mengkongaun,2024-11-11,18:41:45,-08:00,2024-11-11T18:41:45-08:00,0,14
src/routes/projects/+page.svelte,78,css,97213311,mengkongaun,2024-11-11,18:41:45,-08:00,2024-11-11T18:41:45-08:00,0,22
src/routes/projects/+page.svelte,79,css,97213311,mengkongaun,2024-11-11,18:41:45,-08:00,2024-11-11T18:41:45-08:00,0,18
src/routes/projects/+page.svelte,80,css,8bec6c02,mengkongaun,2024-11-06,20:30:34,-08:00,2024-11-06T20:30:34-08:00,0,0
src/routes/projects/+page.svelte,81,svelte,8bec6c02,mengkongaun,2024-11-06,20:30:34,-08:00,2024-11-06T20:30:34-08:00,0,7
src/routes/contact/+page.svelte,1,svelte,3051163b,mengkongaun,2024-10-27,10:41:32,-07:00,2024-10-27T10:41:32-07:00,0,15
src/routes/contact/+page.svelte,2,svelte,74dc5baa,mengkongaun,2024-10-20,13:06:00,-07:00,2024-10-20T13:06:00-07:00,0,0
src/routes/contact/+page.svelte,3,svelte,3051163b,mengkongaun,2024-10-27,10:41:32,-07:00,2024-10-27T10:41:32-07:00,0,20
src/routes/contact/+page.svelte,4,svelte,3051163b,mengkongaun,2024-10-27,10:41:32,-07:00,2024-10-27T10:41:32-07:00,0,74
src/routes/contact/+page.svelte,5,svelte,3051163b,mengkongaun,2024-10-27,10:41:32,-07:00,2024-10-27T10:41:32-07:00,0,36
src/routes/contact/+page.svelte,6,svelte,3051163b,mengkongaun,2024-10-27,10:41:32,-07:00,2024-10-27T10:41:32-07:00,0,55
src/routes/contact/+page.svelte,7,svelte,74dc5baa,mengkongaun,2024-10-20,13:06:00,-07:00,2024-10-20T13:06:00-07:00,0,0
src/routes/contact/+page.svelte,8,svelte,3051163b,mengkongaun,2024-10-27,10:41:32,-07:00,2024-10-27T10:41:32-07:00,0,33
src/routes/contact/+page.svelte,9,svelte,3051163b,mengkongaun,2024-10-27,10:41:32,-07:00,2024-10-27T10:41:32-07:00,0,60
src/routes/contact/+page.svelte,10,svelte,74dc5baa,mengkongaun,2024-10-20,13:06:00,-07:00,2024-10-20T13:06:00-07:00,0,0
src/routes/contact/+page.svelte,11,svelte,3051163b,mengkongaun,2024-10-27,10:41:32,-07:00,2024-10-27T10:41:32-07:00,0,40
src/routes/contact/+page.svelte,12,svelte,3051163b,mengkongaun,2024-10-27,10:41:32,-07:00,2024-10-27T10:41:32-07:00,0,6
src/routes/contact/+page.svelte,13,svelte,74dc5baa,mengkongaun,2024-10-20,13:06:00,-07:00,2024-10-20T13:06:00-07:00,0,0
src/routes/contact/+page.svelte,14,svelte,3051163b,mengkongaun,2024-10-27,10:41:32,-07:00,2024-10-27T10:41:32-07:00,0,7
src/routes/contact/+page.svelte,15,js,3051163b,mengkongaun,2024-10-27,10:41:32,-07:00,2024-10-27T10:41:32-07:00,0,52
src/routes/contact/+page.svelte,16,js,74dc5baa,mengkongaun,2024-10-20,13:06:00,-07:00,2024-10-20T13:06:00-07:00,0,0
src/routes/contact/+page.svelte,17,js,3051163b,mengkongaun,2024-10-27,10:41:32,-07:00,2024-10-27T10:41:32-07:00,0,49
src/routes/contact/+page.svelte,18,js,3051163b,mengkongaun,2024-10-27,10:41:32,-07:00,2024-10-27T10:41:32-07:00,0,49
src/routes/contact/+page.svelte,19,js,3051163b,mengkongaun,2024-10-27,10:41:32,-07:00,2024-10-27T10:41:32-07:00,0,55
src/routes/contact/+page.svelte,20,js,74dc5baa,mengkongaun,2024-10-20,13:06:00,-07:00,2024-10-20T13:06:00-07:00,0,0
src/routes/contact/+page.svelte,21,js,3051163b,mengkongaun,2024-10-27,10:41:32,-07:00,2024-10-27T10:41:32-07:00,0,26
src/routes/contact/+page.svelte,22,js,3051163b,mengkongaun,2024-10-27,10:41:32,-07:00,2024-10-27T10:41:32-07:00,0,35
src/routes/contact/+page.svelte,23,js,74dc5baa,mengkongaun,2024-10-20,13:06:00,-07:00,2024-10-20T13:06:00-07:00,0,0
src/routes/contact/+page.svelte,24,js,3051163b,mengkongaun,2024-10-27,10:41:32,-07:00,2024-10-27T10:41:32-07:00,0,56
src/routes/contact/+page.svelte,25,js,3051163b,mengkongaun,2024-10-27,10:41:32,-07:00,2024-10-27T10:41:32-07:00,0,33
src/routes/contact/+page.svelte,26,js,74dc5baa,mengkongaun,2024-10-20,13:06:00,-07:00,2024-10-20T13:06:00-07:00,0,0
src/routes/contact/+page.svelte,27,js,3051163b,mengkongaun,2024-10-27,10:41:32,-07:00,2024-10-27T10:41:32-07:00,0,47
src/routes/contact/+page.svelte,28,js,3051163b,mengkongaun,2024-10-27,10:41:32,-07:00,2024-10-27T10:41:32-07:00,0,36
src/routes/contact/+page.svelte,29,js,3051163b,mengkongaun,2024-10-27,10:41:32,-07:00,2024-10-27T10:41:32-07:00,0,72
src/routes/contact/+page.svelte,30,js,3051163b,mengkongaun,2024-10-27,10:41:32,-07:00,2024-10-27T10:41:32-07:00,0,0
src/routes/contact/+page.svelte,31,js,74dc5baa,mengkongaun,2024-10-20,13:06:00,-07:00,2024-10-20T13:06:00-07:00,0,0
src/routes/contact/+page.svelte,32,js,3051163b,mengkongaun,2024-10-27,10:41:32,-07:00,2024-10-27T10:41:32-07:00,0,25
src/routes/contact/+page.svelte,33,js,3051163b,mengkongaun,2024-10-27,10:41:32,-07:00,2024-10-27T10:41:32-07:00,0,34
src/routes/contact/+page.svelte,34,js,74dc5baa,mengkongaun,2024-10-20,13:06:00,-07:00,2024-10-20T13:06:00-07:00,0,0
src/routes/contact/+page.svelte,35,js,3051163b,mengkongaun,2024-10-27,10:41:32,-07:00,2024-10-27T10:41:32-07:00,0,47
src/routes/contact/+page.svelte,36,js,3051163b,mengkongaun,2024-10-27,10:41:32,-07:00,2024-10-27T10:41:32-07:00,0,25
src/routes/contact/+page.svelte,37,js,3051163b,mengkongaun,2024-10-27,10:41:32,-07:00,2024-10-27T10:41:32-07:00,0,2
src/routes/contact/+page.svelte,38,svelte,3051163b,mengkongaun,2024-10-27,10:41:32,-07:00,2024-10-27T10:41:32-07:00,0,8
src/lib/index.js,1,js,d88c28e,mengkongaun,2024-10-20,12:27:24,-07:00,2024-10-20T12:27:24-07:00,0,73
src/lib/Project.svelte,1,svelte,4b9d1d13,mengkongaun,2024-10-20,16:39:52,-07:00,2024-10-20T16:39:52-07:00,0,7
src/lib/Project.svelte,2,js,97213311,mengkongaun,2024-11-11,18:41:45,-08:00,2024-11-11T18:41:45-08:00,0,20
src/lib/Project.svelte,3,svelte,4b9d1d13,mengkongaun,2024-10-20,16:39:52,-07:00,2024-10-20T16:39:52-07:00,0,8
src/lib/Project.svelte,4,svelte,4b9d1d13,mengkongaun,2024-10-20,16:39:52,-07:00,2024-10-20T16:39:52-07:00,0,0
src/lib/Project.svelte,5,svelte,4b9d1d13,mengkongaun,2024-10-20,16:39:52,-07:00,2024-10-20T16:39:52-07:00,0,8
src/lib/Project.svelte,6,svelte,97213311,mengkongaun,2024-11-11,18:41:45,-08:00,2024-11-11T18:41:45-08:00,0,20
src/lib/Project.svelte,7,svelte,97213311,mengkongaun,2024-11-11,18:41:45,-08:00,2024-11-11T18:41:45-08:00,0,41
src/lib/Project.svelte,8,svelte,97213311,mengkongaun,2024-11-11,18:41:45,-08:00,2024-11-11T18:41:45-08:00,0,24
src/lib/Project.svelte,9,svelte,97213311,mengkongaun,2024-11-11,18:41:45,-08:00,2024-11-11T18:41:45-08:00,0,40
src/lib/Project.svelte,10,svelte,4b9d1d13,mengkongaun,2024-10-20,16:39:52,-07:00,2024-10-20T16:39:52-07:00,0,9
src/lib/Project.svelte,11,svelte,4b9d1d13,mengkongaun,2024-10-20,16:39:52,-07:00,2024-10-20T16:39:52-07:00,0,0
src/lib/Project.svelte,12,svelte,4b9d1d13,mengkongaun,2024-10-20,16:39:52,-07:00,2024-10-20T16:39:52-07:00,0,6
src/lib/Project.svelte,13,css,3051163b,mengkongaun,2024-10-27,10:41:32,-07:00,2024-10-27T10:41:32-07:00,0,8
src/lib/Project.svelte,14,css,3051163b,mengkongaun,2024-10-27,10:41:32,-07:00,2024-10-27T10:41:32-07:00,0,19
src/lib/Project.svelte,15,css,97213311,mengkongaun,2024-11-11,18:41:45,-08:00,2024-11-11T18:41:45-08:00,0,12
src/lib/Project.svelte,16,css,97213311,mengkongaun,2024-11-11,18:41:45,-08:00,2024-11-11T18:41:45-08:00,0,22
src/lib/Project.svelte,17,css,97213311,mengkongaun,2024-11-11,18:41:45,-08:00,2024-11-11T18:41:45-08:00,0,18
src/lib/Project.svelte,18,css,97213311,mengkongaun,2024-11-11,18:41:45,-08:00,2024-11-11T18:41:45-08:00,0,25
src/lib/Project.svelte,19,css,97213311,mengkongaun,2024-11-11,18:41:45,-08:00,2024-11-11T18:41:45-08:00,0,18
src/lib/Project.svelte,20,css,3051163b,mengkongaun,2024-10-27,10:41:32,-07:00,2024-10-27T10:41:32-07:00,0,0
src/lib/Project.svelte,21,css,97213311,mengkongaun,2024-11-11,18:41:45,-08:00,2024-11-11T18:41:45-08:00,0,0
src/lib/Project.svelte,22,css,97213311,mengkongaun,2024-11-11,18:41:45,-08:00,2024-11-11T18:41:45-08:00,0,3
src/lib/Project.svelte,23,css,97213311,mengkongaun,2024-11-11,18:41:45,-08:00,2024-11-11T18:41:45-08:00,0,16
src/lib/Project.svelte,24,css,97213311,mengkongaun,2024-11-11,18:41:45,-08:00,2024-11-11T18:41:45-08:00,0,15
src/lib/Project.svelte,25,css,97213311,mengkongaun,2024-11-11,18:41:45,-08:00,2024-11-11T18:41:45-08:00,0,0
src/lib/Project.svelte,26,css,97213311,mengkongaun,2024-11-11,18:41:45,-08:00,2024-11-11T18:41:45-08:00,0,0
src/lib/Project.svelte,27,css,97213311,mengkongaun,2024-11-11,18:41:45,-08:00,2024-11-11T18:41:45-08:00,0,26
src/lib/Project.svelte,28,css,3051163b,mengkongaun,2024-10-27,10:41:32,-07:00,2024-10-27T10:41:32-07:00,0,4
src/lib/Project.svelte,29,css,97213311,mengkongaun,2024-11-11,18:41:45,-08:00,2024-11-11T18:41:45-08:00,0,52
src/lib/Project.svelte,30,css,97213311,mengkongaun,2024-11-11,18:41:45,-08:00,2024-11-11T18:41:45-08:00,0,40
src/lib/Project.svelte,31,css,97213311,mengkongaun,2024-11-11,18:41:45,-08:00,2024-11-11T18:41:45-08:00,0,50
src/lib/Project.svelte,32,css,97213311,mengkongaun,2024-11-11,18:41:45,-08:00,2024-11-11T18:41:45-08:00,0,52
src/lib/Project.svelte,33,css,97213311,mengkongaun,2024-11-11,18:41:45,-08:00,2024-11-11T18:41:45-08:00,0,50
src/lib/Project.svelte,34,css,97213311,mengkongaun,2024-11-11,18:41:45,-08:00,2024-11-11T18:41:45-08:00,0,15
src/lib/Project.svelte,35,css,3051163b,mengkongaun,2024-10-27,10:41:32,-07:00,2024-10-27T10:41:32-07:00,0,0
src/lib/Project.svelte,36,svelte,4b9d1d13,mengkongaun,2024-10-20,16:39:52,-07:00,2024-10-20T16:39:52-07:00,0,7
src/lib/Pie.svelte,1,svelte,97213311,mengkongaun,2024-11-11,18:41:45,-08:00,2024-11-11T18:41:45-08:00,0,7
src/lib/Pie.svelte,2,js,97213311,mengkongaun,2024-11-11,18:41:45,-08:00,2024-11-11T18:41:45-08:00,0,24
src/lib/Pie.svelte,3,js,97213311,mengkongaun,2024-11-11,18:41:45,-08:00,2024-11-11T18:41:45-08:00,0,49
src/lib/Pie.svelte,4,js,97213311,mengkongaun,2024-11-11,18:41:45,-08:00,2024-11-11T18:41:45-08:00,0,62
src/lib/Pie.svelte,5,js,97213311,mengkongaun,2024-11-11,18:41:45,-08:00,2024-11-11T18:41:45-08:00,0,0
src/lib/Pie.svelte,6,js,97213311,mengkongaun,2024-11-11,18:41:45,-08:00,2024-11-11T18:41:45-08:00,0,43
src/lib/Pie.svelte,7,js,97213311,mengkongaun,2024-11-11,18:41:45,-08:00,2024-11-11T18:41:45-08:00,0,8
src/lib/Pie.svelte,8,js,97213311,mengkongaun,2024-11-11,18:41:45,-08:00,2024-11-11T18:41:45-08:00,0,3
src/lib/Pie.svelte,9,js,97213311,mengkongaun,2024-11-11,18:41:45,-08:00,2024-11-11T18:41:45-08:00,0,92
src/lib/Pie.svelte,10,js,97213311,mengkongaun,2024-11-11,18:41:45,-08:00,2024-11-11T18:41:45-08:00,0,51
src/lib/Pie.svelte,11,js,97213311,mengkongaun,2024-11-11,18:41:45,-08:00,2024-11-11T18:41:45-08:00,0,36
src/lib/Pie.svelte,12,js,97213311,mengkongaun,2024-11-11,18:41:45,-08:00,2024-11-11T18:41:45-08:00,0,25
src/lib/Pie.svelte,13,js,97213311,mengkongaun,2024-11-11,18:41:45,-08:00,2024-11-11T18:41:45-08:00,0,21
src/lib/Pie.svelte,14,js,97213311,mengkongaun,2024-11-11,18:41:45,-08:00,2024-11-11T18:41:45-08:00,0,40
src/lib/Pie.svelte,15,js,97213311,mengkongaun,2024-11-11,18:41:45,-08:00,2024-11-11T18:41:45-08:00,0,19
src/lib/Pie.svelte,16,js,97213311,mengkongaun,2024-11-11,18:41:45,-08:00,2024-11-11T18:41:45-08:00,0,18
src/lib/Pie.svelte,17,js,97213311,mengkongaun,2024-11-11,18:41:45,-08:00,2024-11-11T18:41:45-08:00,0,3
src/lib/Pie.svelte,18,js,97213311,mengkongaun,2024-11-11,18:41:45,-08:00,2024-11-11T18:41:45-08:00,0,0
src/lib/Pie.svelte,19,js,97213311,mengkongaun,2024-11-11,18:41:45,-08:00,2024-11-11T18:41:45-08:00,0,0
src/lib/Pie.svelte,20,js,97213311,mengkongaun,2024-11-11,18:41:45,-08:00,2024-11-11T18:41:45-08:00,0,30
src/lib/Pie.svelte,21,js,97213311,mengkongaun,2024-11-11,18:41:45,-08:00,2024-11-11T18:41:45-08:00,0,28
src/lib/Pie.svelte,22,js,97213311,mengkongaun,2024-11-11,18:41:45,-08:00,2024-11-11T18:41:45-08:00,0,72
src/lib/Pie.svelte,23,js,97213311,mengkongaun,2024-11-11,18:41:45,-08:00,2024-11-11T18:41:45-08:00,0,0
src/lib/Pie.svelte,24,svelte,97213311,mengkongaun,2024-11-11,18:41:45,-08:00,2024-11-11T18:41:45-08:00,0,8
src/lib/Pie.svelte,25,svelte,97213311,mengkongaun,2024-11-11,18:41:45,-08:00,2024-11-11T18:41:45-08:00,0,0
src/lib/Pie.svelte,26,svelte,97213311,mengkongaun,2024-11-11,18:41:45,-08:00,2024-11-11T18:41:45-08:00,0,59
src/lib/Pie.svelte,27,svelte,97213311,mengkongaun,2024-11-11,18:41:45,-08:00,2024-11-11T18:41:45-08:00,0,22
src/lib/Pie.svelte,28,svelte,97213311,mengkongaun,2024-11-11,18:41:45,-08:00,2024-11-11T18:41:45-08:00,0,28
src/lib/Pie.svelte,29,svelte,97213311,mengkongaun,2024-11-11,18:41:45,-08:00,2024-11-11T18:41:45-08:00,0,50
src/lib/Pie.svelte,30,svelte,97213311,mengkongaun,2024-11-11,18:41:45,-08:00,2024-11-11T18:41:45-08:00,0,25
src/lib/Pie.svelte,31,svelte,97213311,mengkongaun,2024-11-11,18:41:45,-08:00,2024-11-11T18:41:45-08:00,0,4
src/lib/Pie.svelte,32,svelte,97213311,mengkongaun,2024-11-11,18:41:45,-08:00,2024-11-11T18:41:45-08:00,0,13
src/lib/Pie.svelte,33,svelte,97213311,mengkongaun,2024-11-11,18:41:45,-08:00,2024-11-11T18:41:45-08:00,0,17
src/lib/Pie.svelte,34,svelte,97213311,mengkongaun,2024-11-11,18:41:45,-08:00,2024-11-11T18:41:45-08:00,0,41
src/lib/Pie.svelte,35,svelte,97213311,mengkongaun,2024-11-11,18:41:45,-08:00,2024-11-11T18:41:45-08:00,0,36
src/lib/Pie.svelte,36,svelte,97213311,mengkongaun,2024-11-11,18:41:45,-08:00,2024-11-11T18:41:45-08:00,0,1
src/lib/Pie.svelte,37,svelte,97213311,mengkongaun,2024-11-11,18:41:45,-08:00,2024-11-11T18:41:45-08:00,0,6
src/lib/Pie.svelte,38,svelte,97213311,mengkongaun,2024-11-11,18:41:45,-08:00,2024-11-11T18:41:45-08:00,0,5
src/lib/Pie.svelte,39,svelte,97213311,mengkongaun,2024-11-11,18:41:45,-08:00,2024-11-11T18:41:45-08:00,0,0
src/lib/Pie.svelte,40,svelte,97213311,mengkongaun,2024-11-11,18:41:45,-08:00,2024-11-11T18:41:45-08:00,0,43
src/lib/Pie.svelte,41,svelte,97213311,mengkongaun,2024-11-11,18:41:45,-08:00,2024-11-11T18:41:45-08:00,0,18
src/lib/Pie.svelte,42,svelte,97213311,mengkongaun,2024-11-11,18:41:45,-08:00,2024-11-11T18:41:45-08:00,0,25
src/lib/Pie.svelte,43,svelte,97213311,mengkongaun,2024-11-11,18:41:45,-08:00,2024-11-11T18:41:45-08:00,0,2
src/lib/Pie.svelte,44,svelte,97213311,mengkongaun,2024-11-11,18:41:45,-08:00,2024-11-11T18:41:45-08:00,0,41
src/lib/Pie.svelte,45,svelte,97213311,mengkongaun,2024-11-11,18:41:45,-08:00,2024-11-11T18:41:45-08:00,0,36
src/lib/Pie.svelte,46,svelte,97213311,mengkongaun,2024-11-11,18:41:45,-08:00,2024-11-11T18:41:45-08:00,0,0
src/lib/Pie.svelte,47,svelte,97213311,mengkongaun,2024-11-11,18:41:45,-08:00,2024-11-11T18:41:45-08:00,0,66
src/lib/Pie.svelte,48,svelte,97213311,mengkongaun,2024-11-11,18:41:45,-08:00,2024-11-11T18:41:45-08:00,0,24
src/lib/Pie.svelte,49,svelte,97213311,mengkongaun,2024-11-11,18:41:45,-08:00,2024-11-11T18:41:45-08:00,0,4
src/lib/Pie.svelte,50,svelte,97213311,mengkongaun,2024-11-11,18:41:45,-08:00,2024-11-11T18:41:45-08:00,0,6
src/lib/Pie.svelte,51,svelte,97213311,mengkongaun,2024-11-11,18:41:45,-08:00,2024-11-11T18:41:45-08:00,0,4
src/lib/Pie.svelte,52,svelte,97213311,mengkongaun,2024-11-11,18:41:45,-08:00,2024-11-11T18:41:45-08:00,0,5
src/lib/Pie.svelte,53,svelte,97213311,mengkongaun,2024-11-11,18:41:45,-08:00,2024-11-11T18:41:45-08:00,0,0
src/lib/Pie.svelte,54,svelte,97213311,mengkongaun,2024-11-11,18:41:45,-08:00,2024-11-11T18:41:45-08:00,0,6
src/lib/Pie.svelte,55,css,97213311,mengkongaun,2024-11-11,18:41:45,-08:00,2024-11-11T18:41:45-08:00,0,44
src/lib/Pie.svelte,56,css,97213311,mengkongaun,2024-11-11,18:41:45,-08:00,2024-11-11T18:41:45-08:00,0,11
src/lib/Pie.svelte,57,css,97213311,mengkongaun,2024-11-11,18:41:45,-08:00,2024-11-11T18:41:45-08:00,0,13
src/lib/Pie.svelte,58,css,97213311,mengkongaun,2024-11-11,18:41:45,-08:00,2024-11-11T18:41:45-08:00,0,19
src/lib/Pie.svelte,59,css,97213311,mengkongaun,2024-11-11,18:41:45,-08:00,2024-11-11T18:41:45-08:00,0,49
src/lib/Pie.svelte,60,css,97213311,mengkongaun,2024-11-11,18:41:45,-08:00,2024-11-11T18:41:45-08:00,0,0
src/lib/Pie.svelte,61,css,97213311,mengkongaun,2024-11-11,18:41:45,-08:00,2024-11-11T18:41:45-08:00,0,0
src/lib/Pie.svelte,62,css,97213311,mengkongaun,2024-11-11,18:41:45,-08:00,2024-11-11T18:41:45-08:00,0,29
src/lib/Pie.svelte,63,css,97213311,mengkongaun,2024-11-11,18:41:45,-08:00,2024-11-11T18:41:45-08:00,0,11
src/lib/Pie.svelte,64,css,97213311,mengkongaun,2024-11-11,18:41:45,-08:00,2024-11-11T18:41:45-08:00,0,73
src/lib/Pie.svelte,65,css,97213311,mengkongaun,2024-11-11,18:41:45,-08:00,2024-11-11T18:41:45-08:00,0,13
src/lib/Pie.svelte,66,css,97213311,mengkongaun,2024-11-11,18:41:45,-08:00,2024-11-11T18:41:45-08:00,0,0
src/lib/Pie.svelte,67,css,97213311,mengkongaun,2024-11-11,18:41:45,-08:00,2024-11-11T18:41:45-08:00,0,0
src/lib/Pie.svelte,68,css,97213311,mengkongaun,2024-11-11,18:41:45,-08:00,2024-11-11T18:41:45-08:00,0,19
src/lib/Pie.svelte,69,css,97213311,mengkongaun,2024-11-11,18:41:45,-08:00,2024-11-11T18:41:45-08:00,0,8
src/lib/Pie.svelte,70,css,97213311,mengkongaun,2024-11-11,18:41:45,-08:00,2024-11-11T18:41:45-08:00,0,16
src/lib/Pie.svelte,71,css,97213311,mengkongaun,2024-11-11,18:41:45,-08:00,2024-11-11T18:41:45-08:00,0,12
src/lib/Pie.svelte,72,css,97213311,mengkongaun,2024-11-11,18:41:45,-08:00,2024-11-11T18:41:45-08:00,0,9
src/lib/Pie.svelte,73,css,97213311,mengkongaun,2024-11-11,18:41:45,-08:00,2024-11-11T18:41:45-08:00,0,13
src/lib/Pie.svelte,74,css,97213311,mengkongaun,2024-11-11,18:41:45,-08:00,2024-11-11T18:41:45-08:00,0,22
src/lib/Pie.svelte,75,css,97213311,mengkongaun,2024-11-11,18:41:45,-08:00,2024-11-11T18:41:45-08:00,0,10
src/lib/Pie.svelte,76,css,97213311,mengkongaun,2024-11-11,18:41:45,-08:00,2024-11-11T18:41:45-08:00,0,53
src/lib/Pie.svelte,77,css,97213311,mengkongaun,2024-11-11,18:41:45,-08:00,2024-11-11T18:41:45-08:00,0,18
src/lib/Pie.svelte,78,css,97213311,mengkongaun,2024-11-11,18:41:45,-08:00,2024-11-11T18:41:45-08:00,0,57
src/lib/Pie.svelte,79,css,97213311,mengkongaun,2024-11-11,18:41:45,-08:00,2024-11-11T18:41:45-08:00,0,0
src/lib/Pie.svelte,80,css,97213311,mengkongaun,2024-11-11,18:41:45,-08:00,2024-11-11T18:41:45-08:00,0,0
src/lib/Pie.svelte,81,css,97213311,mengkongaun,2024-11-11,18:41:45,-08:00,2024-11-11T18:41:45-08:00,0,40
src/lib/Pie.svelte,82,css,97213311,mengkongaun,2024-11-11,18:41:45,-08:00,2024-11-11T18:41:45-08:00,0,11
src/lib/Pie.svelte,83,css,97213311,mengkongaun,2024-11-11,18:41:45,-08:00,2024-11-11T18:41:45-08:00,0,13
src/lib/Pie.svelte,84,css,97213311,mengkongaun,2024-11-11,18:41:45,-08:00,2024-11-11T18:41:45-08:00,0,19
src/lib/Pie.svelte,85,css,97213311,mengkongaun,2024-11-11,18:41:45,-08:00,2024-11-11T18:41:45-08:00,0,10
src/lib/Pie.svelte,86,css,97213311,mengkongaun,2024-11-11,18:41:45,-08:00,2024-11-11T18:41:45-08:00,0,15
src/lib/Pie.svelte,87,css,97213311,mengkongaun,2024-11-11,18:41:45,-08:00,2024-11-11T18:41:45-08:00,0,0
src/lib/Pie.svelte,88,css,97213311,mengkongaun,2024-11-11,18:41:45,-08:00,2024-11-11T18:41:45-08:00,0,0
src/lib/Pie.svelte,89,css,97213311,mengkongaun,2024-11-11,18:41:45,-08:00,2024-11-11T18:41:45-08:00,0,19
src/lib/Pie.svelte,90,css,97213311,mengkongaun,2024-11-11,18:41:45,-08:00,2024-11-11T18:41:45-08:00,0,8
src/lib/Pie.svelte,91,css,97213311,mengkongaun,2024-11-11,18:41:45,-08:00,2024-11-11T18:41:45-08:00,0,21
src/lib/Pie.svelte,92,css,97213311,mengkongaun,2024-11-11,18:41:45,-08:00,2024-11-11T18:41:45-08:00,0,10
src/lib/Pie.svelte,93,css,97213311,mengkongaun,2024-11-11,18:41:45,-08:00,2024-11-11T18:41:45-08:00,0,11
src/lib/Pie.svelte,94,css,97213311,mengkongaun,2024-11-11,18:41:45,-08:00,2024-11-11T18:41:45-08:00,0,18
src/lib/Pie.svelte,95,css,97213311,mengkongaun,2024-11-11,18:41:45,-08:00,2024-11-11T18:41:45-08:00,0,0
src/lib/Pie.svelte,96,css,97213311,mengkongaun,2024-11-11,18:41:45,-08:00,2024-11-11T18:41:45-08:00,0,0
src/lib/Pie.svelte,97,css,97213311,mengkongaun,2024-11-11,18:41:45,-08:00,2024-11-11T18:41:45-08:00,0,17
src/lib/Pie.svelte,98,css,97213311,mengkongaun,2024-11-11,18:41:45,-08:00,2024-11-11T18:41:45-08:00,0,5
src/lib/Pie.svelte,99,css,97213311,mengkongaun,2024-11-11,18:41:45,-08:00,2024-11-11T18:41:45-08:00,0,17
src/lib/Pie.svelte,100,css,97213311,mengkongaun,2024-11-11,18:41:45,-08:00,2024-11-11T18:41:45-08:00,0,15
src/lib/Pie.svelte,101,css,97213311,mengkongaun,2024-11-11,18:41:45,-08:00,2024-11-11T18:41:45-08:00,0,0
src/lib/Pie.svelte,102,css,97213311,mengkongaun,2024-11-11,18:41:45,-08:00,2024-11-11T18:41:45-08:00,0,0
src/lib/Pie.svelte,103,css,97213311,mengkongaun,2024-11-11,18:41:45,-08:00,2024-11-11T18:41:45-08:00,0,45
src/lib/Pie.svelte,104,css,97213311,mengkongaun,2024-11-11,18:41:45,-08:00,2024-11-11T18:41:45-08:00,0,10
src/lib/Pie.svelte,105,css,97213311,mengkongaun,2024-11-11,18:41:45,-08:00,2024-11-11T18:41:45-08:00,0,27
src/lib/Pie.svelte,106,css,97213311,mengkongaun,2024-11-11,18:41:45,-08:00,2024-11-11T18:41:45-08:00,0,0
src/lib/Pie.svelte,107,css,97213311,mengkongaun,2024-11-11,18:41:45,-08:00,2024-11-11T18:41:45-08:00,0,11
src/lib/Pie.svelte,108,css,97213311,mengkongaun,2024-11-11,18:41:45,-08:00,2024-11-11T18:41:45-08:00,0,18
src/lib/Pie.svelte,109,css,97213311,mengkongaun,2024-11-11,18:41:45,-08:00,2024-11-11T18:41:45-08:00,0,63
src/lib/Pie.svelte,110,css,97213311,mengkongaun,2024-11-11,18:41:45,-08:00,2024-11-11T18:41:45-08:00,0,0
src/lib/Pie.svelte,111,css,97213311,mengkongaun,2024-11-11,18:41:45,-08:00,2024-11-11T18:41:45-08:00,0,0
src/lib/Pie.svelte,112,css,97213311,mengkongaun,2024-11-11,18:41:45,-08:00,2024-11-11T18:41:45-08:00,0,9
src/lib/Pie.svelte,113,css,97213311,mengkongaun,2024-11-11,18:41:45,-08:00,2024-11-11T18:41:45-08:00,0,17
src/lib/Pie.svelte,114,css,97213311,mengkongaun,2024-11-11,18:41:45,-08:00,2024-11-11T18:41:45-08:00,0,14
src/lib/Pie.svelte,115,css,97213311,mengkongaun,2024-11-11,18:41:45,-08:00,2024-11-11T18:41:45-08:00,0,0
src/lib/Pie.svelte,116,css,97213311,mengkongaun,2024-11-11,18:41:45,-08:00,2024-11-11T18:41:45-08:00,0,0
src/lib/Pie.svelte,117,css,97213311,mengkongaun,2024-11-11,18:41:45,-08:00,2024-11-11T18:41:45-08:00,0,0
src/lib/Pie.svelte,118,css,97213311,mengkongaun,2024-11-11,18:41:45,-08:00,2024-11-11T18:41:45-08:00,0,41
src/lib/Pie.svelte,119,css,97213311,mengkongaun,2024-11-11,18:41:45,-08:00,2024-11-11T18:41:45-08:00,0,20
src/lib/Pie.svelte,120,css,97213311,mengkongaun,2024-11-11,18:41:45,-08:00,2024-11-11T18:41:45-08:00,0,17
src/lib/Pie.svelte,121,css,97213311,mengkongaun,2024-11-11,18:41:45,-08:00,2024-11-11T18:41:45-08:00,0,12
src/lib/Pie.svelte,122,css,97213311,mengkongaun,2024-11-11,18:41:45,-08:00,2024-11-11T18:41:45-08:00,0,0
src/lib/Pie.svelte,123,css,97213311,mengkongaun,2024-11-11,18:41:45,-08:00,2024-11-11T18:41:45-08:00,0,0
src/lib/Pie.svelte,124,svelte,97213311,mengkongaun,2024-11-11,18:41:45,-08:00,2024-11-11T18:41:45-08:00,0,7
src/lib/Pie.svelte,125,svelte,97213311,mengkongaun,2024-11-11,18:41:45,-08:00,2024-11-11T18:41:45-08:00,0,0
